Player,Age,Team,Pos,G,GS,MP,FG,FGA,FG%,3P,3PA,3P%,2P,2PA,2P%,eFG%,FT,FTA,FT%,ORB,DRB,TRB,AST,STL,BLK,TOV,PF,PTS,Awards
Shai Gilgeous-Alexander,26,OKC,PG,44,44,34.4,11.3,21.4,.528,2.0,5.7,.351,9.3,15.7,.592,.574,7.5,8.3,.906,0.9,4.4,5.3,6.0,2.1,1.1,2.7,2.2,32.1,
Giannis Antetokounmpo,30,MIL,PF,37,37,34.8,12.5,20.7,.602,0.1,0.7,.148,12.4,20.0,.618,.604,6.4,10.8,.593,2.2,9.8,12.0,5.8,0.7,1.4,3.5,2.4,31.4,
Nikola Jokić,29,DEN,C,39,39,36.3,11.4,20.1,.566,2.1,4.3,.479,9.3,15.8,.590,.618,5.2,6.4,.810,3.4,9.8,13.1,10.1,1.8,0.6,3.1,2.1,29.9,
LaMelo Ball,23,CHO,PG,30,30,34.1,10.0,23.9,.419,4.2,12.6,.334,5.8,11.3,.513,.507,4.7,5.7,.824,1.0,4.4,5.4,7.5,1.4,0.3,3.8,3.5,28.9,
Luka Dončić,25,DAL,PG,22,22,35.7,9.8,21.2,.464,3.4,9.6,.354,6.4,11.5,.555,.544,5.1,6.6,.767,0.7,7.6,8.3,7.8,2.0,0.4,3.4,2.6,28.1,
Kevin Durant,36,PHO,PF,34,34,35.9,9.8,18.7,.524,2.2,5.7,.394,7.6,13.1,.581,.584,5.3,6.4,.830,0.5,6.0,6.4,4.1,0.8,1.3,3.1,1.7,27.2,
Jayson Tatum,26,BOS,PF,43,43,36.3,9.1,20.1,.454,3.6,10.3,.354,5.5,9.8,.559,.545,5.2,6.6,.795,0.6,8.5,9.0,5.4,1.3,0.5,2.8,2.3,27.1,
Tyrese Maxey,24,PHI,PG,37,37,37.9,9.2,21.4,.432,3.3,9.6,.339,5.9,11.7,.508,.508,4.9,5.7,.863,0.2,3.2,3.5,6.0,2.0,0.4,2.4,2.2,26.6,
Anthony Edwards,23,MIN,SG,45,45,36.7,9.0,20.3,.445,4.2,9.8,.425,4.9,10.5,.463,.547,4.1,5.0,.834,0.7,4.9,5.7,4.4,1.1,0.5,3.4,1.9,26.3,
Jalen Brunson,28,NYK,PG,45,45,35.4,8.9,18.4,.487,2.4,5.9,.397,6.6,12.4,.530,.551,5.7,7.0,.818,0.4,2.5,2.9,7.4,0.9,0.0,2.4,2.2,25.9,
Anthony Davis,31,LAL,C,40,40,34.8,9.5,18.2,.524,0.7,2.3,.304,8.8,15.9,.556,.543,6.1,7.8,.788,2.7,9.1,11.9,3.5,1.3,2.2,2.2,2.0,25.9,
Devin Booker,28,PHO,SG,39,39,36.8,8.3,18.8,.441,2.6,7.8,.337,5.7,11.1,.515,.511,6.2,7.0,.893,1.0,3.0,3.9,6.6,1.2,0.3,2.4,2.2,25.5,
Damian Lillard,34,MIL,PG,36,36,36.2,7.7,17.2,.447,3.4,9.0,.383,4.3,8.2,.517,.547,6.4,6.9,.924,0.6,4.1,4.7,7.3,1.3,0.2,2.9,1.8,25.2,
De'Aaron Fox,27,SAC,PG,42,42,37.2,9.2,19.8,.466,2.0,6.3,.317,7.2,13.5,.535,.516,4.6,5.6,.823,1.0,4.0,5.0,6.2,1.5,0.5,3.1,2.6,25.1,
Cade Cunningham,23,DET,PG,41,41,35.6,9.3,20.5,.455,2.4,6.4,.369,7.0,14.1,.495,.513,3.8,4.6,.821,0.9,5.6,6.5,9.4,1.0,0.8,4.7,2.7,24.9,
Karl-Anthony Towns,29,NYK,C,41,41,34.7,9.0,16.6,.541,2.0,4.8,.431,6.9,11.8,.585,.602,5.0,5.9,.839,3.0,10.9,13.9,3.4,1.0,0.8,2.6,3.5,24.9,
Cam Thomas,23,BRK,SG,19,17,32.3,7.9,17.7,.448,2.8,7.6,.375,5.1,10.2,.503,.528,5.9,6.8,.876,0.5,3.1,3.6,3.4,0.7,0.1,2.7,1.9,24.7,
Paolo Banchero,22,ORL,PF,13,13,32.7,8.2,18.2,.447,1.9,5.4,.357,6.2,12.8,.485,.500,6.2,9.5,.653,1.5,6.6,8.1,4.8,0.5,0.8,3.3,2.2,24.5,
Franz Wagner,23,ORL,SF,27,27,32.7,8.9,19.0,.465,2.0,6.3,.324,6.8,12.7,.535,.518,4.8,5.4,.884,0.9,4.6,5.5,5.5,1.6,0.5,2.4,2.3,24.5,
Victor Wembanyama,21,SAS,C,38,38,33.2,9.0,18.9,.476,3.2,9.1,.353,5.8,9.8,.591,.561,3.3,3.9,.844,1.7,9.1,10.8,3.7,1.1,3.9,3.5,2.1,24.5,
Joel Embiid,30,PHI,C,13,13,29.5,7.6,16.8,.452,1.2,3.8,.327,6.4,13.1,.488,.489,7.9,8.6,.920,1.7,6.2,7.9,3.8,0.8,1.0,3.2,2.2,24.4,
Kyrie Irving,32,DAL,SG,36,36,36.0,9.0,18.6,.483,3.0,7.0,.425,6.0,11.6,.518,.563,3.5,3.8,.906,1.0,3.5,4.5,4.9,1.3,0.4,2.3,2.1,24.4,
Tyler Herro,25,MIA,SG,43,43,35.3,8.3,17.4,.476,3.9,9.6,.405,4.4,7.8,.563,.588,3.6,4.1,.874,0.3,5.2,5.5,5.2,0.7,0.1,2.4,1.4,24.0,
Zach LaVine,29,CHI,SF,41,41,34.1,8.7,17.0,.512,3.2,7.2,.444,5.5,9.8,.562,.606,3.4,4.3,.792,0.3,4.6,4.9,4.5,0.9,0.2,2.9,1.5,24.0,
Norman Powell,31,LAC,SG,37,37,32.9,8.3,16.9,.490,3.5,8.0,.431,4.8,8.9,.542,.592,3.9,4.6,.842,0.4,3.1,3.5,2.2,1.3,0.2,2.1,1.9,23.9,
Donovan Mitchell,28,CLE,SG,43,43,31.4,8.3,18.8,.444,3.7,9.3,.398,4.6,9.5,.489,.542,3.4,4.1,.826,0.7,3.7,4.5,4.6,1.4,0.2,2.0,2.1,23.8,
LeBron James,40,LAL,SF,40,40,34.8,9.2,18.1,.510,2.2,5.5,.393,7.1,12.6,.561,.569,3.1,4.1,.762,1.0,6.7,7.6,9.0,0.9,0.6,3.8,1.4,23.7,
Jaylen Brown,28,BOS,SF,39,39,35.4,8.5,18.8,.452,2.0,6.2,.320,6.5,12.6,.516,.504,4.1,5.5,.742,1.5,4.5,6.0,4.8,1.3,0.3,2.7,2.5,23.0,
Jaren Jackson Jr.,25,MEM,C,44,44,29.4,8.3,16.8,.498,1.8,5.2,.348,6.5,11.5,.566,.552,4.4,5.6,.780,1.5,4.8,6.3,2.2,1.4,1.6,2.2,3.3,22.9,
Trae Young,26,ATL,PG,42,42,36.1,7.0,17.3,.401,2.9,8.4,.345,4.0,8.9,.455,.485,6.0,7.0,.853,0.5,2.8,3.4,11.5,1.3,0.2,4.6,2.0,22.8,
Zion Williamson,24,NOP,PF,11,11,28.6,8.5,17.2,.492,0.2,0.9,.200,8.3,16.3,.508,.497,5.4,8.5,.634,3.4,5.1,8.5,5.1,1.2,1.2,3.5,3.0,22.5,
Stephen Curry,36,GSW,PG,37,37,31.7,7.5,17.0,.443,4.3,10.6,.403,3.2,6.4,.508,.568,3.0,3.2,.933,0.5,4.2,4.8,6.4,1.1,0.5,3.0,1.2,22.3,
Brandon Ingram,27,NOP,SF,18,18,33.1,8.6,18.5,.465,2.4,6.4,.374,6.2,12.1,.514,.530,2.6,3.1,.855,0.9,4.6,5.6,5.2,0.9,0.6,3.8,2.5,22.2,
RJ Barrett,24,TOR,SF,37,37,33.5,8.2,17.4,.472,1.9,5.4,.352,6.3,12.0,.526,.526,3.8,5.6,.679,1.0,5.7,6.7,5.8,0.8,0.4,3.2,2.5,22.1,
CJ McCollum,33,NOP,PG,33,33,33.3,8.2,18.2,.450,3.1,8.4,.373,5.1,9.9,.515,.536,2.4,3.4,.708,0.7,2.8,3.6,3.8,0.8,0.6,1.7,2.4,22.0,
DeMar DeRozan,35,SAC,SF,40,40,35.9,8.1,16.7,.484,0.9,2.7,.327,7.2,14.1,.514,.510,4.7,5.5,.862,0.6,3.3,3.9,3.7,1.2,0.5,1.4,2.1,21.8,
Darius Garland,25,CLE,PG,44,44,30.3,7.8,15.5,.501,3.0,6.9,.431,4.8,8.6,.558,.598,3.2,3.6,.881,0.6,1.9,2.5,6.8,1.1,0.2,2.4,2.0,21.7,
James Harden,35,LAC,PG,42,42,33.6,6.3,15.9,.397,2.8,8.2,.344,3.5,7.6,.455,.487,6.2,6.9,.897,0.6,5.3,5.9,8.3,1.4,0.6,4.5,2.0,21.7,
Jalen Green,22,HOU,SG,44,44,32.9,7.5,17.3,.432,2.9,8.0,.363,4.5,9.2,.493,.516,3.6,4.1,.877,0.5,3.8,4.3,2.8,0.9,0.3,2.5,1.8,21.4,
Trey Murphy III,24,NOP,SF,30,28,35.0,7.1,15.9,.445,3.0,8.5,.352,4.1,7.3,.555,.540,4.3,4.8,.889,1.0,4.0,5.0,3.0,1.2,0.8,1.6,2.4,21.4,
Jordan Poole,25,WAS,SG,37,37,31.2,6.9,16.3,.424,3.7,9.3,.402,3.2,7.0,.452,.538,3.9,4.5,.867,0.5,2.5,3.0,4.9,1.6,0.4,3.4,3.2,21.4,
Brandon Miller,22,CHO,SF,27,27,34.2,7.3,18.2,.403,3.9,10.9,.355,3.5,7.3,.475,.509,2.5,2.9,.861,0.9,3.9,4.9,3.6,1.1,0.7,2.8,2.7,21.0,
Domantas Sabonis,28,SAC,C,42,42,36.1,8.3,13.7,.606,1.2,2.5,.476,7.1,11.3,.634,.648,3.3,4.2,.778,3.9,10.5,14.4,6.4,0.6,0.5,3.0,3.5,21.0,
Jalen Williams,23,OKC,SG,44,44,32.8,8.1,17.0,.475,1.7,5.0,.347,6.3,12.0,.528,.526,3.2,4.0,.790,0.8,4.8,5.5,5.2,1.8,0.8,2.3,2.5,21.0,
Ja Morant,25,MEM,PG,27,27,28.5,7.0,15.7,.447,1.5,4.9,.308,5.5,10.8,.510,.495,5.1,6.3,.812,0.6,3.5,4.1,7.7,1.3,0.3,3.9,1.9,20.7,
Pascal Siakam,30,IND,PF,45,45,33.2,7.8,14.8,.526,1.7,4.2,.413,6.1,10.6,.571,.585,2.8,3.8,.743,1.8,5.6,7.4,3.4,0.9,0.4,1.3,2.6,20.2,
Scottie Barnes,23,TOR,PF,32,32,34.8,7.7,16.6,.463,1.4,5.1,.278,6.3,11.5,.545,.506,3.3,4.5,.748,1.7,6.5,8.1,6.5,1.5,0.9,3.3,2.1,20.1,
Nikola Vučević,34,CHI,C,45,45,32.3,8.2,14.8,.555,1.9,4.6,.406,6.4,10.2,.622,.618,1.8,2.2,.820,2.4,8.0,10.3,3.4,0.9,0.7,1.5,2.4,20.1,
Jamal Murray,27,DEN,PG,39,39,35.8,7.3,16.1,.456,2.1,5.7,.376,5.2,10.4,.500,.522,3.1,3.6,.863,0.5,3.4,4.0,6.0,1.5,0.5,2.3,1.7,19.9,
Lauri Markkanen,27,UTA,PF,33,33,31.7,6.3,14.8,.425,3.0,8.4,.356,3.3,6.4,.517,.527,4.1,4.7,.877,1.7,4.3,6.1,1.8,0.8,0.3,1.4,1.7,19.7,
Cameron Johnson,28,BRK,PF,35,35,32.3,6.5,13.1,.491,3.2,7.6,.419,3.3,5.5,.591,.613,3.3,3.7,.898,0.7,3.3,4.1,2.9,0.8,0.5,1.7,1.8,19.4,
Alperen Şengün,22,HOU,C,44,44,31.3,7.7,15.7,.491,0.3,1.5,.234,7.4,14.3,.517,.501,3.6,5.1,.702,3.4,7.0,10.4,5.0,1.3,0.8,2.4,2.8,19.3,
Jalen Johnson,23,ATL,SF,36,36,35.7,7.5,15.1,.500,1.2,3.9,.312,6.3,11.1,.566,.541,2.6,3.5,.746,1.7,8.3,10.0,5.0,1.6,1.0,2.9,1.9,18.9,
Kristaps Porziņģis,29,BOS,C,21,21,28.1,6.3,13.4,.472,2.3,5.8,.393,4.0,7.6,.531,.557,3.9,4.6,.845,1.8,5.2,7.0,1.8,0.6,1.4,1.0,2.5,18.9,
Julius Randle,30,MIN,PF,45,45,33.0,6.6,14.1,.468,1.5,4.6,.327,5.1,9.4,.536,.521,4.2,5.2,.809,2.2,5.1,7.3,4.6,0.7,0.2,2.9,2.6,18.9,
De'Andre Hunter,27,ATL,SF,31,2,28.2,6.0,13.2,.457,2.6,6.5,.399,3.4,6.6,.515,.556,4.0,4.7,.856,0.6,3.1,3.7,1.5,0.9,0.1,1.5,2.4,18.7,
Miles Bridges,26,CHO,PF,28,28,31.5,6.7,15.3,.438,2.1,6.6,.319,4.6,8.6,.529,.507,3.2,3.6,.873,0.9,6.4,7.3,3.6,0.7,0.6,2.1,1.6,18.6,
Austin Reaves,26,LAL,SG,38,38,35.0,6.1,13.8,.446,2.6,7.1,.364,3.6,6.7,.531,.539,3.6,4.2,.844,0.8,3.3,4.1,6.1,1.1,0.2,2.4,2.0,18.4,
Anfernee Simons,25,POR,SG,42,42,32.2,6.5,15.4,.423,3.0,8.1,.369,3.5,7.3,.484,.520,2.4,2.6,.901,0.3,2.5,2.8,4.7,0.9,0.1,2.2,1.8,18.4,
Evan Mobley,23,CLE,PF,39,39,30.2,7.0,12.3,.570,1.2,2.8,.413,5.9,9.5,.616,.616,3.1,4.1,.761,2.0,6.8,8.8,2.8,0.9,1.4,2.0,2.0,18.3,
Collin Sexton,26,UTA,SG,41,39,29.0,6.5,13.8,.474,1.9,4.7,.401,4.7,9.1,.512,.542,3.4,3.8,.891,1.0,1.8,2.9,4.1,0.7,0.1,2.6,2.2,18.3,
Coby White,24,CHI,SG,40,40,32.6,6.2,14.3,.437,3.0,8.3,.364,3.2,6.0,.538,.542,2.8,3.2,.874,0.4,3.1,3.4,4.7,1.0,0.2,2.4,2.3,18.2,
Mikal Bridges,28,NYK,SF,46,46,38.5,7.4,15.0,.493,2.4,6.8,.360,5.0,8.2,.603,.575,0.9,1.2,.741,0.9,2.2,3.1,3.2,1.0,0.5,1.6,1.4,18.1,
John Collins,27,UTA,PF,28,19,29.8,6.6,12.5,.531,1.5,3.3,.446,5.2,9.2,.562,.590,3.3,3.8,.869,2.4,6.0,8.4,2.5,1.1,0.9,2.6,2.9,18.1,
Michael Porter Jr.,26,DEN,SF,45,45,33.2,6.8,13.4,.512,2.6,6.3,.415,4.2,7.1,.599,.610,1.8,2.5,.719,1.6,4.8,6.4,2.3,0.6,0.4,1.3,1.8,18.1,
Tyrese Haliburton,24,IND,PG,44,44,34.3,6.2,13.8,.450,2.9,8.0,.365,3.3,5.9,.566,.555,2.6,3.1,.859,0.6,2.9,3.6,8.7,1.2,0.6,1.8,1.3,18.0,
Malik Monk,26,SAC,SG,37,24,31.6,6.4,14.4,.446,2.4,7.0,.341,4.1,7.5,.543,.528,2.7,3.1,.878,0.4,3.2,3.6,5.7,1.0,0.5,1.9,2.5,18.0,
Desmond Bane,26,MEM,SG,37,36,29.8,6.7,13.4,.499,2.2,5.8,.386,4.4,7.6,.586,.583,2.1,2.5,.857,0.8,4.6,5.5,5.5,1.3,0.4,2.4,2.4,17.7,
Jaden Ivey,22,DET,SG,30,30,29.9,6.3,13.8,.460,2.1,5.1,.409,4.2,8.6,.490,.536,2.8,3.9,.733,1.3,2.8,4.1,4.0,0.9,0.4,3.0,2.2,17.6,
Dejounte Murray,28,NOP,PG,28,28,33.4,6.4,16.2,.392,1.8,5.8,.301,4.6,10.4,.443,.446,3.0,3.7,.817,0.5,6.0,6.5,7.6,2.2,0.4,3.5,2.0,17.5,
Shaedon Sharpe,21,POR,SG,38,31,31.0,6.5,14.6,.443,1.9,6.1,.310,4.6,8.5,.539,.508,2.5,3.2,.792,0.7,3.3,4.0,2.5,0.8,0.3,2.0,1.9,17.3,
Bradley Beal,31,PHO,SG,31,23,32.9,6.6,13.7,.485,2.1,5.3,.396,4.5,8.4,.540,.561,1.8,2.3,.764,0.7,2.9,3.5,3.3,1.1,0.7,1.9,2.6,17.2,
Paul George,34,PHI,PF,30,30,32.0,6.3,14.6,.429,2.4,6.7,.365,3.8,7.9,.483,.513,2.2,2.6,.823,0.7,5.0,5.6,4.7,1.7,0.4,2.7,2.5,17.1,
Andrew Wiggins,29,GSW,SF,39,39,29.7,6.0,13.3,.448,2.2,5.7,.378,3.8,7.6,.500,.529,3.0,3.8,.796,1.5,3.2,4.6,2.3,0.9,0.7,1.3,1.7,17.1,
Jimmy Butler,35,MIA,PF,25,25,30.6,5.7,10.5,.540,0.5,1.4,.361,5.2,9.1,.568,.565,5.2,6.4,.801,2.2,3.0,5.2,4.8,1.1,0.4,1.2,0.9,17.0,
Jonathan Kuminga,22,GSW,PF,32,10,26.0,6.1,13.2,.459,1.3,3.6,.345,4.8,9.6,.502,.506,3.4,5.3,.639,1.4,3.6,5.0,2.2,0.9,0.6,1.6,1.9,16.8,
Chet Holmgren,22,OKC,C,10,10,26.5,5.6,11.1,.505,1.4,3.7,.378,4.2,7.4,.568,.568,3.8,4.9,.776,1.6,7.1,8.7,2.0,0.8,2.6,2.3,1.8,16.4,
Bennedict Mathurin,22,IND,SF,44,39,32.1,5.8,12.4,.471,1.5,4.3,.364,4.3,8.1,.527,.533,3.2,3.9,.821,1.3,4.7,5.9,1.9,0.7,0.4,2.1,2.6,16.4,
OG Anunoby,27,NYK,PF,46,46,36.7,6.2,12.9,.477,2.0,5.8,.350,4.1,7.1,.581,.556,2.0,2.5,.807,1.3,3.5,4.8,2.0,1.4,0.9,1.3,2.4,16.3,
Malik Beasley,28,DET,SG,45,11,28.1,5.7,13.3,.427,3.7,9.2,.400,2.0,4.1,.486,.565,1.2,1.7,.684,0.6,2.4,2.9,1.8,0.9,0.0,1.1,1.4,16.2,
Keyonte George,21,UTA,PG,33,32,31.6,5.4,14.0,.384,2.7,7.9,.338,2.7,6.2,.443,.479,2.8,3.5,.807,0.5,3.0,3.5,5.8,0.8,0.2,2.9,1.8,16.2,
Immanuel Quickley,25,TOR,PG,9,9,28.4,5.3,14.1,.378,2.2,6.4,.345,3.1,7.7,.406,.457,3.3,3.6,.938,0.1,2.1,2.2,6.1,0.7,0.1,1.8,1.8,16.2,
Jalen Suggs,23,ORL,PG,35,35,28.6,5.6,13.7,.410,2.2,6.9,.314,3.5,6.8,.506,.489,2.8,3.1,.882,0.7,3.4,4.0,3.7,1.5,0.9,2.9,2.8,16.2,
Devin Vassell,24,SAS,SG,28,17,29.8,6.0,13.6,.442,2.4,6.2,.382,3.7,7.5,.493,.529,1.8,2.3,.781,0.7,3.0,3.8,3.1,1.2,0.6,1.7,1.6,16.2,
Jordan Clarkson,32,UTA,SG,22,3,25.5,5.4,13.1,.413,1.9,5.5,.339,3.5,7.6,.467,.484,3.3,4.1,.811,0.6,2.7,3.4,3.8,0.9,0.3,2.5,1.5,16.0,
Derrick White,30,BOS,SG,44,44,33.6,5.5,12.6,.433,3.3,8.8,.370,2.2,3.8,.581,.563,1.7,2.0,.833,1.0,3.4,4.4,4.1,0.9,1.2,1.6,2.0,15.9,
Gradey Dick,21,TOR,SG,39,39,30.1,5.4,13.1,.416,2.3,6.6,.348,3.2,6.5,.484,.503,2.7,3.1,.882,0.7,2.5,3.2,2.1,0.8,0.2,1.7,2.3,15.8,
Mark Williams,23,CHO,C,19,16,23.8,6.2,9.9,.624,0.0,0.1,.000,6.2,9.9,.628,.624,3.3,4.3,.756,3.3,6.1,9.4,2.4,0.7,1.2,1.1,2.6,15.7,
Bam Adebayo,27,MIA,C,43,43,33.5,6.0,13.2,.454,0.7,2.5,.274,5.3,10.7,.496,.480,2.9,4.0,.725,2.5,7.4,10.0,4.4,1.4,0.8,2.1,2.2,15.6,
Myles Turner,28,IND,C,42,42,31.1,5.5,11.6,.479,2.0,5.2,.393,3.5,6.4,.551,.568,2.2,3.0,.746,1.4,5.5,6.8,1.5,0.8,2.0,1.9,2.8,15.4,
Fred VanVleet,30,HOU,PG,41,41,35.9,5.3,13.5,.394,2.8,7.9,.353,2.5,5.6,.452,.497,2.0,2.4,.816,0.7,3.3,4.0,5.9,1.7,0.5,1.6,2.5,15.4,
Jared McCain,20,PHI,SG,23,8,25.7,5.5,11.9,.460,2.2,5.8,.383,3.3,6.1,.532,.553,2.1,2.4,.875,0.6,1.9,2.4,2.6,0.7,0.0,1.6,1.6,15.3,
Ivica Zubac,27,LAC,C,43,43,31.7,6.6,10.9,.610,0.0,0.0,,6.6,10.9,.610,.610,1.6,2.8,.566,3.8,8.7,12.5,2.5,0.7,1.2,1.7,1.9,14.9,
Dennis Schröder,31,2TM,SG,43,40,30.3,5.2,12.4,.419,2.0,5.6,.354,3.2,6.8,.473,.499,2.3,2.7,.868,0.3,2.2,2.5,5.6,1.0,0.1,2.3,2.5,14.7,
Dennis Schröder,31,BRK,PG,23,23,33.6,6.4,14.1,.452,2.5,6.5,.387,3.9,7.6,.509,.542,3.1,3.5,.889,0.2,2.8,3.0,6.6,1.1,0.2,2.6,2.4,18.4,
Dennis Schröder,31,GSW,SG,20,17,26.5,3.9,10.5,.368,1.4,4.5,.300,2.5,6.0,.420,.433,1.4,1.7,.818,0.4,1.6,2.0,4.4,0.8,0.1,2.1,2.7,10.4,
Jerami Grant,30,POR,PF,35,35,32.4,4.7,12.4,.380,2.4,6.3,.379,2.3,6.1,.381,.476,2.9,3.4,.842,0.5,2.9,3.5,2.2,0.8,1.1,1.4,2.3,14.7,
Deni Avdija,24,POR,SF,43,25,28.7,4.9,10.5,.466,1.5,4.3,.344,3.4,6.2,.551,.537,3.3,4.3,.768,1.3,5.2,6.5,3.5,1.1,0.6,2.4,2.2,14.6,
Kyle Kuzma,29,WAS,PF,27,25,27.7,5.8,13.7,.423,1.3,4.6,.280,4.5,9.1,.496,.470,1.7,2.9,.584,0.8,4.9,5.7,2.7,0.7,0.2,2.4,1.6,14.6,
Jakob Poeltl,29,TOR,C,40,39,31.3,6.4,10.3,.615,0.0,0.1,.000,6.4,10.3,.618,.615,1.8,2.8,.652,3.6,6.7,10.3,2.7,1.2,1.2,2.0,3.4,14.5,
Kawhi Leonard,33,LAC,SF,7,7,22.4,6.0,12.6,.477,1.3,4.1,.310,4.7,8.4,.559,.528,1.1,1.4,.800,0.6,2.7,3.3,1.9,1.0,0.0,1.1,0.6,14.4,
Josh Hart,29,NYK,SG,45,45,37.8,5.4,9.6,.558,1.2,3.4,.364,4.1,6.2,.662,.622,2.2,2.7,.818,2.3,7.5,9.8,5.7,1.5,0.4,2.0,2.7,14.1,
Tre Mann,23,CHO,PG,13,0,24.5,5.4,12.4,.435,1.8,4.6,.400,3.5,7.8,.455,.509,1.5,1.6,.905,0.9,2.0,2.9,3.0,0.5,0.3,1.9,1.8,14.1,
Payton Pritchard,27,BOS,PG,46,0,27.6,4.9,10.6,.462,3.2,7.8,.408,1.7,2.8,.612,.612,1.1,1.3,.847,1.4,2.2,3.7,3.4,0.8,0.2,1.0,1.6,14.1,
Christian Braun,23,DEN,SG,44,44,32.4,5.5,9.6,.570,0.9,2.5,.373,4.5,7.1,.640,.619,2.1,2.6,.817,1.3,3.4,4.6,1.9,1.0,0.6,1.0,2.3,14.0,
Kelly Oubre Jr.,29,PHI,SF,41,38,33.6,5.3,11.6,.459,1.2,4.2,.287,4.1,7.3,.558,.512,2.0,2.8,.743,1.7,4.5,6.1,1.7,1.5,0.5,1.3,3.0,13.9,
Jarrett Allen,26,CLE,C,45,45,28.9,5.7,8.1,.705,0.0,0.0,.000,5.7,8.0,.707,.705,2.5,3.4,.735,2.6,7.3,9.9,1.9,0.9,1.0,1.1,1.5,13.8,
Deandre Ayton,26,POR,C,32,32,30.0,6.5,11.4,.568,0.2,0.9,.200,6.3,10.5,.601,.577,0.6,1.0,.606,3.0,7.2,10.2,1.5,0.8,1.0,1.7,2.1,13.8,
Malcolm Brogdon,32,WAS,PG,18,13,24.8,4.8,10.8,.443,0.8,2.7,.313,3.9,8.1,.486,.482,3.4,3.9,.886,0.9,3.1,4.1,3.9,0.6,0.3,1.7,1.4,13.8,
P.J. Washington,26,DAL,PF,39,38,32.9,4.9,11.4,.428,1.5,4.2,.362,3.4,7.3,.466,.494,2.5,3.4,.750,1.5,6.6,8.1,2.2,1.2,1.0,1.9,2.4,13.8,
Naz Reid,25,MIN,C,45,0,25.2,5.0,10.4,.481,2.1,5.1,.408,3.0,5.4,.550,.580,1.5,1.9,.788,1.0,4.2,5.2,1.7,0.8,0.8,1.2,2.4,13.6,
Dyson Daniels,21,ATL,SG,41,41,33.6,5.8,12.3,.469,1.1,3.7,.311,4.6,8.6,.537,.516,0.8,1.5,.567,1.8,3.4,5.2,3.6,3.1,0.8,1.9,2.5,13.5,
Bobby Portis,29,MIL,PF,41,5,24.7,5.5,11.7,.466,1.3,3.5,.364,4.2,8.2,.509,.520,1.2,1.5,.817,1.7,6.2,7.9,2.0,0.7,0.5,1.2,1.8,13.4,
Klay Thompson,34,DAL,SF,39,39,27.5,4.8,11.6,.412,2.9,7.6,.383,1.9,4.0,.465,.537,0.9,1.0,.900,0.6,2.8,3.4,1.9,0.9,0.4,1.4,1.2,13.4,
Amen Thompson,22,HOU,SF,41,14,30.3,5.1,9.2,.556,0.3,1.3,.241,4.8,7.9,.609,.573,2.7,3.9,.692,2.8,5.3,8.1,2.7,1.4,1.1,2.0,2.3,13.2,
D'Angelo Russell,28,2TM,PG,37,15,25.9,4.5,10.8,.414,2.0,5.9,.346,2.5,5.0,.495,.507,2.1,2.3,.894,0.2,2.5,2.8,5.4,1.0,0.3,1.8,1.9,13.1,
D'Angelo Russell,28,LAL,PG,29,10,26.3,4.4,10.7,.415,1.9,5.8,.333,2.5,4.9,.510,.505,1.6,1.8,.849,0.3,2.5,2.8,4.7,0.8,0.1,1.7,1.8,12.4,
D'Angelo Russell,28,BRK,PG,8,5,24.6,4.6,11.3,.411,2.4,6.1,.388,2.3,5.1,.439,.517,3.9,4.0,.969,0.1,2.6,2.8,8.0,1.6,0.9,2.1,2.3,15.5,
Aaron Gordon,29,DEN,PF,24,16,26.3,4.5,8.7,.524,1.3,2.9,.429,3.3,5.8,.572,.596,2.8,3.5,.786,1.6,3.5,5.0,2.6,0.5,0.2,1.4,1.6,13.1,
Russell Westbrook,36,DEN,PG,45,24,27.4,4.9,10.4,.473,1.2,3.6,.340,3.7,6.8,.544,.532,2.0,3.2,.634,1.3,3.8,5.1,6.5,1.5,0.5,3.0,2.5,13.1,
Jeremy Sochan,21,SAS,PF,24,19,27.9,5.1,9.7,.528,0.5,1.7,.300,4.6,8.0,.575,.554,2.1,2.9,.729,2.7,5.3,7.9,2.5,0.9,0.6,1.9,2.3,12.9,
Moritz Wagner,27,ORL,C,30,1,18.8,4.7,8.3,.562,0.9,2.5,.360,3.8,5.8,.649,.616,2.6,3.7,.718,1.3,3.6,4.9,1.4,0.8,0.4,1.6,1.8,12.9,
Dillon Brooks,29,HOU,SF,41,41,32.0,4.7,11.4,.410,2.1,5.9,.367,2.5,5.5,.456,.504,1.3,1.6,.859,1.2,2.6,3.8,1.6,0.9,0.2,1.0,3.4,12.8,
Tobias Harris,32,DET,PF,43,43,32.0,4.8,10.8,.447,1.4,3.9,.353,3.5,6.9,.500,.511,1.8,2.1,.865,1.0,5.2,6.2,2.5,0.8,0.8,1.2,2.0,12.8,
Santi Aldama,24,MEM,PF,38,11,24.8,5.0,10.1,.492,1.7,4.6,.369,3.3,5.5,.596,.577,1.1,1.5,.707,1.6,5.4,6.9,2.7,0.9,0.5,1.2,1.0,12.7,
Scoot Henderson,20,POR,PG,39,7,26.6,4.2,9.8,.428,1.4,4.0,.355,2.8,5.8,.478,.500,2.5,3.3,.767,0.7,2.3,2.9,5.1,1.1,0.3,2.8,2.7,12.4,
Bilal Coulibaly,20,WAS,SF,40,40,33.5,4.5,10.6,.421,1.0,3.8,.263,3.5,6.8,.509,.468,2.4,3.2,.764,1.5,3.7,5.1,3.4,1.3,0.8,2.1,2.5,12.3,
Daniel Gafford,26,DAL,C,44,21,21.0,5.0,7.1,.699,0.0,0.0,,5.0,7.1,.699,.699,2.4,3.5,.697,2.6,4.0,6.5,1.3,0.5,1.6,1.2,2.7,12.3,
Ayo Dosunmu,25,CHI,SG,35,17,30.3,4.7,9.7,.490,1.3,4.0,.326,3.4,5.7,.606,.558,1.4,1.8,.794,0.6,3.1,3.7,4.5,0.8,0.4,1.3,2.3,12.2,
Rui Hachimura,26,LAL,PF,37,37,32.0,4.6,9.4,.487,1.5,3.6,.410,3.1,5.8,.535,.566,1.5,1.9,.775,1.6,3.6,5.3,1.5,0.9,0.5,0.9,1.8,12.2,
Brook Lopez,36,MIL,C,43,43,32.2,4.6,9.5,.483,1.9,5.1,.372,2.7,4.5,.609,.582,1.1,1.4,.790,1.1,3.7,4.8,1.7,0.8,2.0,1.0,2.1,12.2,
Buddy Hield,32,GSW,SG,45,13,23.4,4.3,10.4,.413,2.7,7.2,.370,1.6,3.2,.510,.542,0.8,0.9,.833,0.6,2.7,3.3,1.5,0.9,0.3,1.2,1.8,12.0,
Keldon Johnson,25,SAS,SF,40,0,23.9,4.5,9.8,.461,1.1,3.7,.288,3.5,6.2,.563,.514,1.9,2.5,.770,1.3,3.6,4.9,1.4,0.6,0.3,0.9,1.4,12.0,
Daeqwon Plowden,26,ATL,SG,2,0,16.5,4.0,5.0,.800,3.0,4.0,.750,1.0,1.0,1.000,1.100,1.0,1.0,1.000,1.5,1.0,2.5,0.0,0.0,0.0,0.5,2.5,12.0,
Khris Middleton,33,MIL,SF,19,7,23.3,4.4,9.3,.469,1.4,3.7,.366,3.0,5.6,.538,.542,1.8,2.2,.833,0.3,3.7,3.9,4.8,0.8,0.2,1.6,2.3,11.9,
Keegan Murray,24,SAC,PF,42,42,35.5,4.6,10.8,.424,1.8,5.7,.320,2.8,5.1,.542,.509,0.9,1.0,.837,2.2,5.0,7.2,1.5,0.8,0.9,0.9,2.7,11.9,
Onyeka Okongwu,24,ATL,C,38,4,24.5,4.7,8.3,.560,0.4,1.6,.254,4.3,6.8,.630,.584,2.2,2.8,.766,2.9,4.8,7.8,1.9,0.8,0.9,0.9,2.3,11.9,
Terry Rozier,30,MIA,PG,40,21,28.5,4.4,10.9,.403,1.5,5.2,.291,2.9,5.7,.504,.472,1.6,1.8,.915,0.8,3.4,4.2,2.9,0.6,0.3,1.5,1.4,11.9,
Jabari Smith Jr.,21,HOU,PF,33,33,30.9,4.1,9.5,.435,1.7,4.8,.354,2.4,4.7,.516,.524,2.0,2.3,.867,1.8,4.7,6.5,1.0,0.4,1.0,0.9,2.3,11.9,
Jaylen Wells,21,MEM,SG,46,41,26.3,4.2,9.4,.443,2.0,5.1,.391,2.2,4.3,.505,.550,1.6,1.9,.837,1.1,2.2,3.2,1.7,0.6,0.1,1.0,1.9,11.9,
Isaiah Hartenstein,26,OKC,C,25,24,29.9,5.0,8.8,.568,0.0,0.4,.000,5.0,8.4,.598,.568,1.8,2.8,.648,2.9,9.2,12.2,4.2,0.8,1.2,2.0,2.9,11.8,
Jonas Valančiūnas,32,WAS,C,44,8,19.6,4.8,8.6,.563,0.2,0.6,.280,4.7,8.0,.584,.573,1.9,2.1,.894,2.4,5.8,8.1,2.2,0.5,0.6,1.8,1.9,11.8,
Harrison Barnes,32,SAS,PF,43,43,28.1,4.0,7.9,.500,1.5,3.7,.414,2.4,4.3,.574,.596,2.3,2.8,.795,1.5,2.5,4.0,1.7,0.3,0.2,0.6,0.9,11.7,
Stephon Castle,20,SAS,PG,42,25,25.3,4.2,10.5,.400,1.0,3.8,.259,3.2,6.8,.477,.446,2.3,3.2,.716,0.8,1.7,2.5,3.6,0.8,0.3,1.9,1.7,11.7,
Alex Sarr,19,WAS,C,40,40,27.2,4.4,11.1,.398,1.5,4.7,.310,3.0,6.4,.463,.464,1.4,2.2,.644,1.9,4.9,6.8,2.2,0.7,1.6,1.4,2.4,11.7,
Josh Giddey,22,CHI,PG,42,42,28.6,4.4,10.0,.437,1.2,3.6,.327,3.2,6.4,.500,.496,1.5,2.0,.750,1.6,5.8,7.5,6.6,1.0,0.5,2.8,1.6,11.5,
Jrue Holiday,34,BOS,PG,39,39,30.4,4.2,9.4,.449,1.9,5.3,.356,2.3,4.1,.569,.549,1.3,1.4,.891,1.2,3.1,4.3,3.7,1.0,0.4,1.3,1.5,11.5,
Tyus Jones,28,PHO,PG,43,43,30.0,4.3,9.0,.475,2.0,4.9,.412,2.3,4.1,.551,.588,0.8,0.9,.872,0.5,2.0,2.5,6.1,0.9,0.1,1.3,1.1,11.4,
Tari Eason,23,HOU,PF,29,0,22.8,4.3,9.0,.479,1.0,2.9,.329,3.3,6.1,.551,.533,1.7,2.3,.746,2.1,4.0,6.1,1.1,2.0,0.9,0.8,2.5,11.3,
Jordan Hawkins,22,NOP,SG,30,5,23.5,3.8,10.3,.368,2.0,6.1,.335,1.8,4.3,.414,.466,1.6,2.0,.831,0.4,2.1,2.5,0.9,0.7,0.4,0.9,0.8,11.3,
Walker Kessler,23,UTA,C,35,35,29.7,4.9,6.6,.733,0.1,0.1,.500,4.8,6.5,.737,.737,1.5,2.7,.547,4.5,6.9,11.4,1.5,0.5,2.4,1.4,2.1,11.3,
Tim Hardaway Jr.,32,DET,SG,41,41,28.5,3.6,8.5,.420,2.1,5.7,.379,1.4,2.9,.500,.546,1.8,2.2,.831,0.2,2.0,2.1,1.5,0.5,0.0,0.7,1.2,11.1,
Corey Kispert,25,WAS,SF,39,0,26.7,4.1,9.2,.441,1.9,5.4,.352,2.2,3.8,.568,.545,1.1,1.3,.846,0.6,2.4,3.0,1.7,0.6,0.2,1.0,1.6,11.1,
Duncan Robinson,30,MIA,SF,42,24,23.8,4.0,9.3,.423,2.5,6.7,.378,1.4,2.6,.541,.560,0.7,0.8,.875,0.3,2.2,2.5,2.7,0.5,0.1,1.0,2.1,11.1,
Julian Champagnie,23,SAS,SF,43,26,26.1,3.8,9.0,.420,2.4,6.6,.367,1.3,2.4,.563,.554,1.1,1.2,.902,0.8,3.5,4.3,1.2,0.7,0.5,1.0,1.5,11.0,
Donte DiVincenzo,28,MIN,SG,40,8,26.4,3.7,9.3,.397,2.6,7.0,.369,1.1,2.4,.479,.535,1.0,1.3,.820,0.6,3.1,3.7,3.6,1.2,0.2,1.8,1.6,11.0,
Naji Marshall,27,DAL,SF,34,14,24.7,4.4,8.6,.503,0.9,2.8,.313,3.5,5.8,.596,.554,1.4,1.6,.870,0.9,2.7,3.6,2.6,1.0,0.1,1.5,1.5,11.0,
Grayson Allen,29,PHO,SG,35,1,24.3,3.4,7.7,.446,2.4,5.7,.424,1.0,2.0,.507,.602,1.6,1.9,.851,0.6,2.5,3.1,1.9,0.9,0.3,1.1,1.4,10.9,
Ty Jerome,27,CLE,SG,42,2,18.3,3.9,7.6,.506,1.5,3.4,.441,2.4,4.2,.559,.605,1.6,1.8,.883,0.7,1.6,2.3,3.3,1.2,0.0,1.2,1.4,10.8,
Caris LeVert,30,CLE,SF,35,2,24.1,3.7,7.9,.473,1.7,3.9,.420,2.1,4.0,.525,.578,1.7,2.4,.699,0.6,2.3,2.9,3.8,0.9,0.5,1.3,1.3,10.8,
Chris Boucher,32,TOR,PF,40,0,17.5,3.9,7.6,.505,1.4,3.8,.366,2.5,3.8,.645,.597,1.6,2.0,.795,1.3,3.1,4.4,0.6,0.6,0.6,0.6,1.4,10.7,
Ochai Agbaji,24,TOR,SG,39,33,28.9,4.3,8.4,.508,1.6,3.9,.403,2.7,4.5,.600,.602,0.5,0.7,.679,0.9,2.8,3.8,1.7,0.8,0.5,0.8,2.1,10.6,
Brandon Boston Jr.,23,NOP,SG,39,10,23.8,3.9,9.0,.436,1.2,3.3,.346,2.8,5.7,.489,.500,1.6,2.0,.810,0.7,2.5,3.2,2.3,1.2,0.2,1.2,1.7,10.6,
Andrew Nembhard,25,IND,SG,30,30,28.4,4.0,8.6,.465,0.8,2.4,.333,3.2,6.2,.516,.512,1.8,2.5,.743,0.6,2.9,3.5,5.2,1.2,0.1,1.7,2.0,10.6,
Amir Coffey,27,LAC,SG,44,10,26.1,3.7,7.7,.475,1.6,3.7,.421,2.1,4.0,.526,.577,1.7,1.8,.901,0.5,2.1,2.6,1.2,0.6,0.1,0.7,1.6,10.5,
Jaden McDaniels,24,MIN,PF,45,45,30.9,4.2,9.1,.461,1.2,3.8,.329,3.0,5.3,.554,.529,0.9,1.2,.755,1.5,3.7,5.2,1.6,1.4,0.9,1.0,2.9,10.5,
Zaccharie Risacher,19,ATL,SF,39,37,23.7,3.9,9.8,.403,1.2,4.1,.281,2.8,5.7,.491,.462,1.5,2.1,.713,1.3,2.2,3.5,1.2,0.8,0.5,1.2,2.1,10.5,
Spencer Dinwiddie,31,DAL,PG,44,14,25.0,3.3,8.1,.404,1.4,4.1,.335,1.9,4.0,.475,.489,2.5,2.9,.865,0.2,2.3,2.5,3.5,0.9,0.2,1.2,1.6,10.4,
Grant Williams,26,CHO,PF,16,7,29.9,3.4,7.7,.439,1.7,4.6,.365,1.7,3.1,.551,.549,1.9,2.3,.838,1.1,4.0,5.1,2.3,1.1,0.8,1.8,2.9,10.4,
Quentin Grimes,24,DAL,SG,43,12,23.0,3.6,7.8,.464,1.7,4.3,.399,1.9,3.5,.543,.573,1.4,1.8,.769,0.7,3.3,4.0,2.1,0.7,0.2,1.3,1.6,10.3,
Derrick Jones Jr.,27,LAC,SF,43,40,24.6,4.1,8.0,.519,1.0,2.8,.370,3.1,5.2,.598,.583,1.0,1.3,.804,1.3,2.3,3.5,0.8,1.2,0.3,1.0,2.1,10.3,
Herbert Jones,26,NOP,SF,20,20,32.4,3.8,8.6,.436,1.1,3.6,.306,2.7,5.0,.530,.500,1.7,2.0,.825,1.1,2.8,3.9,3.3,1.9,0.5,1.8,3.3,10.3,
Nikola Jović,21,MIA,PF,35,10,23.5,3.5,7.8,.449,1.6,4.2,.374,1.9,3.6,.536,.550,1.8,2.1,.851,0.6,3.3,3.9,2.8,0.8,0.3,1.1,1.6,10.3,
De'Anthony Melton,26,GSW,SG,6,2,20.2,3.7,9.0,.407,2.2,5.8,.371,1.5,3.2,.474,.528,0.8,1.3,.625,1.0,2.3,3.3,2.8,1.2,0.3,1.7,3.0,10.3,
Svi Mykhailiuk,27,UTA,SF,17,8,18.8,3.7,8.5,.434,2.2,6.2,.362,1.5,2.4,.625,.566,0.6,0.8,.786,0.4,1.8,2.2,1.7,0.8,0.3,1.7,1.3,10.3,
Guerschon Yabusele,29,PHI,C,42,20,26.1,3.7,7.5,.498,1.5,3.9,.394,2.2,3.6,.613,.602,1.3,1.9,.692,1.9,3.6,5.5,2.0,0.7,0.5,1.3,2.6,10.3,
Rudy Gobert,32,MIN,C,45,45,32.9,4.0,6.1,.645,0.0,0.0,,4.0,6.1,.645,.645,2.3,3.4,.686,3.3,7.0,10.3,1.8,0.7,1.4,1.4,2.5,10.2,
Jalen Duren,21,DET,C,42,42,25.3,4.2,6.0,.702,0.0,0.0,,4.2,6.0,.702,.702,1.7,2.6,.648,3.3,6.4,9.7,2.3,0.6,1.2,1.9,3.3,10.1,
T.J. McConnell,32,IND,PG,44,0,19.0,4.6,8.6,.529,0.2,0.6,.269,4.4,8.0,.548,.538,0.8,1.0,.739,0.6,2.0,2.6,4.5,1.2,0.3,1.5,1.0,10.1,
Gary Trent Jr.,26,MIL,SG,38,7,24.8,3.5,7.8,.449,2.3,5.2,.444,1.2,2.6,.460,.596,0.8,0.8,.906,0.2,2.1,2.2,0.9,1.0,0.0,0.7,2.0,10.1,
Bogdan Bogdanović,32,ATL,SG,24,0,24.9,3.5,9.3,.371,1.8,6.1,.301,1.6,3.3,.500,.469,1.3,1.4,.882,0.5,2.3,2.8,2.0,0.8,0.3,1.5,2.4,10.0,
Toumani Camara,24,POR,PF,44,44,31.5,3.7,8.5,.437,1.5,4.3,.353,2.2,4.3,.521,.525,1.1,1.5,.716,2.2,3.3,5.5,2.0,1.4,0.6,1.5,3.0,10.0,
Obi Toppin,26,IND,PF,42,0,19.2,3.9,7.2,.536,1.2,3.4,.352,2.7,3.8,.700,.619,1.1,1.4,.810,0.7,3.3,4.0,1.6,0.7,0.4,0.6,1.4,10.0,
Cam Whitmore,20,HOU,SF,26,0,16.4,3.8,8.7,.442,1.3,3.9,.324,2.6,4.8,.540,.515,1.1,1.5,.737,0.8,2.3,3.2,0.8,0.6,0.3,0.9,0.9,10.0,
Brice Sensabaugh,21,UTA,SF,33,0,18.2,3.6,7.8,.461,1.8,4.7,.391,1.7,3.0,.570,.580,0.9,1.0,.939,0.6,2.2,2.8,1.4,0.5,0.1,1.5,1.5,9.9,
Luke Kennard,28,MEM,SG,33,2,21.7,3.2,6.8,.478,2.3,4.7,.487,0.9,2.1,.456,.647,1.1,1.2,.897,0.7,2.3,3.0,3.3,0.6,0.1,1.0,0.8,9.8,
Scotty Pippen Jr.,24,MEM,PG,46,16,21.6,3.7,7.8,.468,1.0,2.9,.353,2.7,5.0,.535,.533,1.4,2.1,.677,0.8,2.6,3.3,4.6,1.2,0.3,1.9,2.6,9.8,
Nic Claxton,25,BRK,C,39,31,26.4,4.2,7.8,.541,0.0,0.3,.077,4.2,7.5,.562,.543,1.3,2.4,.527,2.0,5.6,7.6,2.0,0.9,1.1,1.2,2.0,9.7,
Luguentz Dort,25,OKC,SF,43,43,29.0,3.4,8.1,.414,2.3,5.6,.414,1.1,2.6,.414,.556,0.7,0.9,.811,1.4,2.9,4.3,1.7,1.0,0.7,0.7,3.1,9.7,
Nick Richards,27,2TM,C,25,12,21.9,3.3,5.7,.585,0.0,0.0,.000,3.3,5.6,.589,.585,3.0,4.2,.705,2.6,5.7,8.3,1.2,0.3,1.2,1.6,2.4,9.6,
Nick Richards,27,CHO,C,21,9,21.0,3.0,5.4,.561,0.0,0.0,.000,3.0,5.4,.566,.561,2.8,4.1,.678,2.4,5.1,7.5,1.3,0.3,1.2,1.6,2.3,8.9,
Nick Richards,27,PHO,C,4,3,26.8,4.8,7.0,.679,0.0,0.0,,4.8,7.0,.679,.679,3.8,4.5,.833,3.5,8.8,12.3,0.8,0.3,0.8,1.8,3.3,13.3,
Jose Alvarado,26,NOP,PG,23,7,22.2,3.2,8.1,.396,2.2,5.3,.415,1.0,2.8,.359,.532,1.0,1.2,.786,0.5,1.5,2.0,4.1,1.4,0.3,1.2,2.0,9.6,
Goga Bitadze,25,ORL,C,36,33,24.6,4.1,6.6,.619,0.1,0.5,.105,4.0,6.0,.664,.623,1.4,2.1,.680,2.8,5.4,8.2,2.4,0.9,1.6,1.4,2.4,9.6,
Zach Edey,22,MEM,C,32,25,20.8,3.9,6.8,.583,0.4,1.1,.400,3.5,5.7,.619,.616,1.3,2.0,.656,3.1,4.3,7.3,0.9,0.7,1.2,1.5,2.8,9.6,
Noah Clowney,20,BRK,PF,36,17,23.3,3.1,8.1,.377,2.0,5.6,.356,1.1,2.5,.422,.500,1.4,1.7,.850,1.0,3.0,4.0,0.8,0.5,0.5,1.0,2.4,9.5,
Jaime Jaquez Jr.,23,MIA,SF,40,10,23.8,3.5,7.8,.442,0.7,2.1,.317,2.8,5.8,.487,.484,2.0,2.6,.752,1.2,3.5,4.8,2.8,1.2,0.2,1.6,1.6,9.5,
Chris Paul,39,SAS,PG,43,43,29.1,3.1,7.5,.419,1.7,4.8,.364,1.4,2.7,.517,.536,1.4,1.5,.969,0.5,3.7,4.2,8.2,1.3,0.2,1.6,1.9,9.5,
Kevin Porter Jr.,24,LAC,SG,40,2,19.9,3.9,9.2,.417,0.6,2.5,.245,3.3,6.8,.480,.450,1.2,1.8,.644,0.6,2.9,3.5,3.3,1.1,0.3,1.9,1.6,9.5,
Julian Strawther,22,DEN,SG,45,0,22.0,3.3,7.6,.437,1.6,4.2,.374,1.8,3.5,.513,.539,1.2,1.5,.836,0.3,1.8,2.1,1.4,0.7,0.3,0.8,2.4,9.5,
Aaron Wiggins,26,OKC,SG,45,13,21.0,3.8,7.7,.487,1.3,3.6,.366,2.4,4.1,.591,.572,0.6,0.8,.829,1.0,2.4,3.4,1.5,0.8,0.2,0.9,1.3,9.5,
Clint Capela,30,ATL,C,44,41,22.5,4.2,7.3,.570,0.0,0.0,,4.2,7.3,.570,.570,1.0,1.9,.554,3.2,5.7,8.9,1.2,0.6,1.0,1.0,2.0,9.4,
Isaiah Joe,25,OKC,SG,41,11,20.7,3.3,7.8,.428,2.3,6.0,.389,1.0,1.7,.563,.579,0.4,0.5,.762,0.5,2.1,2.6,1.4,0.8,0.1,0.5,1.6,9.4,
Dalton Knecht,23,LAL,SF,43,12,20.9,3.4,7.3,.459,1.6,4.5,.352,1.8,2.9,.626,.566,1.0,1.2,.808,0.6,2.6,3.1,1.0,0.3,0.1,0.5,1.3,9.3,
Royce O'Neale,31,PHO,SF,38,9,25.1,3.3,7.8,.424,2.3,5.6,.406,1.1,2.2,.471,.569,0.4,0.6,.773,0.9,4.5,5.4,2.1,0.9,0.6,1.1,2.2,9.3,
Ziaire Williams,23,BRK,SF,32,16,22.6,3.1,7.8,.402,1.2,3.8,.320,1.9,4.0,.480,.480,1.8,2.3,.808,1.0,3.7,4.7,1.4,1.0,0.4,1.1,2.6,9.3,
Jalen Wilson,24,BRK,PF,45,11,27.2,3.2,8.2,.389,1.4,4.5,.310,1.8,3.7,.485,.474,1.5,1.8,.831,1.1,2.4,3.5,1.9,0.5,0.0,1.2,2.3,9.3,
Anthony Black,21,ORL,PG,43,5,24.6,3.2,7.9,.407,0.6,2.3,.257,2.6,5.5,.471,.445,2.2,2.9,.746,0.6,2.1,2.7,3.5,1.0,0.6,2.0,2.3,9.2,
Kentavious Caldwell-Pope,31,ORL,SG,45,45,30.7,3.2,7.7,.417,1.5,4.8,.312,1.7,2.9,.592,.514,1.3,1.4,.877,0.4,1.6,1.9,1.9,1.6,0.6,0.9,1.9,9.2,
Tosan Evbuomwan,23,BRK,SF,12,0,23.5,3.3,7.6,.440,0.7,2.7,.250,2.7,4.9,.542,.484,1.8,2.6,.710,1.1,2.9,4.0,1.3,0.6,0.3,1.8,1.9,9.2,
Keon Johnson,22,BRK,SG,44,24,22.3,3.3,9.0,.371,1.4,4.8,.301,1.9,4.3,.449,.451,1.0,1.3,.780,0.7,2.5,3.2,1.8,0.9,0.3,1.3,2.5,9.2,
Yves Missi,20,NOP,C,43,37,27.0,3.6,6.4,.566,0.0,0.0,.000,3.6,6.3,.568,.566,2.0,3.0,.661,3.6,4.5,8.1,1.4,0.6,1.4,1.2,2.2,9.2,
Larry Nance Jr.,32,ATL,PF,16,3,19.4,3.6,6.5,.548,1.6,3.4,.481,1.9,3.1,.620,.673,0.4,0.5,.875,1.1,3.2,4.3,1.6,1.0,0.7,0.8,1.5,9.2,
Marcus Smart,30,MEM,PG,18,6,21.2,2.9,7.9,.373,1.6,4.8,.333,1.3,3.1,.436,.475,1.7,2.0,.833,0.8,1.6,2.3,3.8,1.3,0.3,1.9,1.7,9.2,
Dorian Finney-Smith,31,2TM,PF,30,21,27.1,3.2,6.9,.462,2.1,4.8,.431,1.1,2.1,.531,.611,0.6,1.0,.655,1.4,2.6,4.0,1.3,0.9,0.4,0.7,2.5,9.1,
Dorian Finney-Smith,31,BRK,PF,20,20,29.0,3.7,8.0,.459,2.4,5.4,.435,1.3,2.6,.510,.607,0.8,1.2,.625,1.6,3.0,4.6,1.6,0.9,0.6,0.9,2.7,10.4,
Dorian Finney-Smith,31,LAL,PF,10,1,23.3,2.3,4.9,.469,1.5,3.6,.417,0.8,1.3,.615,.622,0.4,0.5,.800,1.2,1.7,2.9,0.9,0.8,0.0,0.3,2.0,6.5,
Dereck Lively II,20,DAL,C,32,25,24.0,3.9,5.5,.701,0.0,0.0,,3.9,5.5,.701,.701,1.4,2.2,.638,3.1,4.8,7.8,2.6,0.5,1.7,1.2,2.9,9.1,
Caleb Martin,29,PHI,SF,31,24,30.4,3.3,7.5,.435,1.1,2.8,.379,2.2,4.7,.469,.506,1.5,2.4,.622,1.4,3.0,4.4,2.2,1.1,0.6,1.4,2.0,9.1,
Miles McBride,24,NYK,PG,36,0,23.3,3.2,7.8,.416,1.7,4.6,.372,1.5,3.2,.478,.525,0.9,1.1,.825,0.8,1.6,2.4,2.8,0.8,0.2,0.8,1.5,9.1,
Patrick Williams,23,CHI,PF,36,35,26.6,3.2,8.6,.370,1.6,4.6,.355,1.6,4.0,.386,.465,1.1,1.3,.813,0.6,3.2,3.8,2.2,0.8,0.6,1.4,1.4,9.1,
Carlton Carrington,19,WAS,PG,44,34,29.9,3.3,8.4,.397,1.6,4.7,.340,1.7,3.7,.469,.492,0.7,0.9,.800,0.3,3.9,4.2,3.9,0.8,0.2,1.5,2.5,9.0,
Bruce Brown,28,TOR,PG,12,0,19.7,3.5,7.7,.457,0.7,2.1,.320,2.8,5.6,.507,.500,1.2,1.4,.824,1.0,2.8,3.8,1.6,0.8,0.2,1.3,1.8,8.8,
Aaron Nesmith,25,IND,SF,10,7,19.6,3.1,5.7,.544,1.1,2.2,.500,2.0,3.5,.571,.640,1.5,1.7,.882,0.5,3.0,3.5,0.9,0.4,0.2,0.9,2.9,8.8,
Dalano Banton,25,POR,PG,37,0,15.7,3.1,7.6,.406,1.2,3.3,.352,1.9,4.4,.447,.482,1.3,1.9,.700,0.3,1.6,1.9,2.2,0.8,0.5,1.3,1.0,8.7,
Tristan Da Silva,23,ORL,SF,43,34,26.2,3.3,7.9,.417,1.2,3.9,.317,2.0,4.0,.515,.496,0.9,1.0,.841,1.3,2.9,4.1,1.7,0.5,0.2,0.9,1.6,8.7,
Georges Niang,31,CLE,PF,45,1,20.4,3.3,6.8,.482,1.8,4.3,.405,1.5,2.5,.616,.611,0.4,0.5,.762,0.7,3.1,3.8,1.4,0.4,0.1,1.0,2.4,8.7,
Jusuf Nurkić,30,PHO,C,25,23,23.7,3.0,6.5,.454,0.8,2.4,.322,2.2,4.2,.529,.512,1.9,2.8,.696,1.8,7.3,9.2,1.9,0.9,0.6,2.3,3.1,8.6,
Wendell Carter Jr.,25,ORL,C,34,25,25.5,3.0,6.9,.434,0.4,2.4,.188,2.6,4.6,.561,.466,2.1,3.0,.703,1.8,5.5,7.3,2.2,0.9,0.6,1.0,2.9,8.5,
Moses Moody,22,GSW,SG,38,4,17.7,2.9,6.7,.439,1.6,4.1,.397,1.3,2.6,.505,.561,0.9,1.3,.735,0.5,1.5,2.0,1.1,0.5,0.3,0.7,1.3,8.5,
Cole Anthony,24,ORL,PG,42,8,16.3,3.1,7.6,.411,0.9,2.9,.309,2.2,4.7,.474,.470,1.2,1.6,.765,0.6,2.2,2.8,2.6,0.6,0.3,1.6,2.0,8.4,
Draymond Green,34,GSW,PF,34,32,27.8,2.9,7.1,.415,1.4,3.7,.362,1.6,3.4,.474,.510,1.2,1.9,.615,1.0,5.0,6.0,5.5,1.0,1.1,2.5,3.1,8.4,
Jaylen Nowell,25,NOP,SG,8,0,21.0,3.3,9.1,.356,1.0,3.4,.296,2.3,5.8,.391,.411,0.9,1.4,.636,0.8,1.8,2.5,2.3,0.1,0.5,1.0,1.1,8.4,
Ausar Thompson,22,DET,SF,23,12,19.7,3.5,6.8,.519,0.3,1.3,.233,3.2,5.5,.587,.542,1.1,1.8,.595,1.5,3.2,4.7,1.6,1.6,0.4,1.5,2.6,8.4,
Nickeil Alexander-Walker,26,MIN,SG,45,2,22.9,3.0,6.7,.452,1.6,3.9,.406,1.4,2.8,.516,.570,0.7,1.0,.696,0.6,2.2,2.7,2.3,0.6,0.3,1.2,1.6,8.3,
Max Christie,21,LAL,SG,42,21,24.5,2.7,6.1,.444,1.2,3.4,.366,1.5,2.7,.539,.545,1.6,1.9,.852,0.6,2.0,2.6,1.3,0.8,0.5,0.8,1.5,8.3,
Brandin Podziemski,21,GSW,SG,32,8,24.1,3.2,7.7,.419,1.1,3.6,.313,2.1,4.1,.511,.492,0.8,1.0,.750,1.0,3.4,4.4,3.2,1.0,0.2,1.0,1.5,8.3,
Trendon Watford,24,BRK,PF,13,0,16.1,2.7,6.1,.443,0.6,2.0,.308,2.1,4.1,.509,.494,2.3,2.7,.857,0.3,2.5,2.8,1.2,0.4,0.3,1.2,2.3,8.3,
Peyton Watson,22,DEN,SF,45,12,24.2,3.0,6.3,.470,0.7,2.0,.348,2.3,4.3,.528,.526,1.6,2.2,.747,0.8,2.6,3.4,1.5,0.8,1.3,0.9,1.7,8.3,
Jaden Hardy,22,DAL,SG,35,3,15.9,3.0,6.9,.430,1.3,3.2,.396,1.7,3.7,.458,.521,1.0,1.4,.729,0.2,1.4,1.6,1.5,0.6,0.1,1.5,1.6,8.2,
Jay Huff,26,MEM,C,41,1,13.7,2.9,5.5,.524,1.5,3.6,.416,1.4,1.9,.737,.662,0.9,1.2,.771,0.5,1.8,2.3,0.7,0.3,1.0,0.7,1.5,8.2,
Trayce Jackson-Davis,24,GSW,C,44,36,20.0,3.5,6.2,.571,0.0,0.0,.000,3.5,6.2,.574,.571,1.1,1.9,.595,2.4,4.0,6.4,2.2,0.5,0.8,0.9,1.5,8.2,
Jalen Smith,24,CHI,C,42,1,15.2,2.9,6.2,.467,1.1,3.3,.343,1.7,2.8,.613,.560,1.3,1.5,.831,1.5,3.9,5.4,0.8,0.3,0.7,0.6,1.5,8.2,
Kel'el Ware,20,MIA,C,29,3,15.9,3.4,6.1,.551,0.7,1.7,.380,2.7,4.4,.617,.604,0.8,1.1,.742,1.1,3.6,4.7,0.5,0.6,1.0,0.7,1.1,8.2,
Mike Conley,37,MIN,PG,41,35,24.5,2.5,6.8,.374,1.8,4.6,.392,0.7,2.2,.337,.507,1.2,1.4,.893,0.5,2.1,2.6,4.3,1.3,0.2,1.1,1.5,8.1,
Al Horford,38,BOS,C,36,25,26.8,3.0,7.1,.416,1.8,5.1,.359,1.1,2.0,.562,.545,0.3,0.3,.833,1.1,4.2,5.3,2.1,0.6,0.9,0.8,1.5,8.1,
Tyrese Martin,25,BRK,SG,30,6,21.2,3.0,7.5,.398,1.6,4.5,.348,1.4,3.0,.473,.502,0.6,0.9,.654,1.1,2.9,4.0,1.8,0.4,0.2,1.3,1.1,8.1,
Garrison Mathews,28,ATL,SG,36,2,18.4,2.3,5.7,.403,1.9,4.9,.394,0.4,0.9,.452,.570,1.5,1.9,.821,0.3,1.5,1.8,1.5,0.7,0.3,0.7,1.8,8.1,
Justin Champagnie,23,WAS,SF,26,13,20.3,3.1,6.2,.503,1.2,3.0,.392,1.9,3.2,.610,.599,0.6,1.0,.640,1.6,3.2,4.8,0.9,1.0,0.6,0.8,2.0,8.0,
Kevin Huerter,26,SAC,SG,41,15,21.5,3.0,7.4,.413,1.5,4.9,.302,1.6,2.5,.625,.512,0.5,0.7,.714,0.5,2.4,2.9,1.7,0.9,0.4,0.9,1.7,8.0,
GG Jackson II,20,MEM,PF,4,0,16.8,3.0,7.8,.387,1.0,4.0,.250,2.0,3.8,.533,.452,1.0,1.3,.800,1.0,3.0,4.0,0.8,0.3,0.0,1.3,0.8,8.0,
A.J. Green,25,MIL,SG,38,4,21.8,2.7,5.9,.447,2.3,5.2,.442,0.3,0.7,.481,.642,0.3,0.4,.857,0.3,2.1,2.3,1.3,0.5,0.1,0.6,2.2,7.9,
Jake LaRavia,23,MEM,PF,42,0,21.8,2.7,5.5,.491,0.9,2.1,.437,1.8,3.4,.524,.574,1.5,2.1,.711,1.4,3.0,4.4,3.1,0.9,0.5,1.5,2.0,7.8,
Cody Martin,29,CHO,SF,39,8,24.8,3.0,6.9,.433,1.0,3.2,.323,1.9,3.7,.528,.507,0.9,1.3,.694,1.0,3.5,4.5,2.3,1.1,0.7,1.1,1.8,7.8,
Max Strus,28,CLE,SF,17,4,24.0,2.8,6.7,.412,2.0,5.3,.378,0.8,1.4,.542,.561,0.2,0.3,.800,0.9,3.1,4.0,2.9,0.4,0.4,1.0,1.9,7.8,
Brandon Clarke,28,MEM,PF,43,18,18.6,3.4,5.6,.612,0.0,0.4,.063,3.4,5.3,.650,.614,0.8,1.1,.673,1.8,3.2,5.0,1.0,0.9,0.5,0.6,2.4,7.7,
Keon Ellis,25,SAC,SG,43,10,21.3,2.5,5.1,.489,1.6,3.6,.445,0.9,1.5,.594,.646,1.0,1.2,.860,0.8,1.6,2.4,1.2,1.3,0.7,0.7,1.9,7.6,
Day'Ron Sharpe,23,BRK,C,24,0,17.4,3.0,6.3,.480,0.2,1.1,.148,2.9,5.2,.552,.493,1.4,1.9,.733,2.8,3.4,6.2,1.4,0.7,0.5,1.3,1.9,7.6,
Kyshawn George,21,WAS,SG,39,9,25.7,2.6,7.4,.348,1.4,5.1,.278,1.2,2.3,.506,.444,1.0,1.3,.760,0.8,2.9,3.7,2.3,0.9,0.6,1.3,3.0,7.5,
Sam Hauser,27,BOS,PF,39,7,20.1,2.7,6.2,.434,2.1,5.3,.386,0.6,0.9,.714,.599,0.1,0.1,1.000,0.7,2.3,2.9,1.0,0.7,0.2,0.3,1.1,7.5,
Cason Wallace,21,OKC,SG,44,30,27.8,3.1,6.9,.449,1.0,3.0,.341,2.1,3.9,.532,.523,0.3,0.4,.778,1.1,2.4,3.5,2.5,1.7,0.6,0.7,2.3,7.5,
Taurean Prince,30,MIL,SF,43,36,25.6,2.6,5.7,.457,1.7,3.7,.465,0.9,2.0,.443,.607,0.4,0.5,.773,0.6,3.1,3.7,1.9,0.8,0.1,1.0,1.9,7.4,
Ryan Dunn,22,PHO,SF,40,24,20.1,3.0,6.6,.452,1.1,3.5,.317,1.9,3.1,.605,.536,0.3,0.5,.476,1.0,2.4,3.4,0.9,0.5,0.7,0.4,2.4,7.3,
Josh Green,24,CHO,SG,40,39,28.1,2.6,6.1,.420,1.4,3.6,.401,1.1,2.5,.446,.537,0.7,1.1,.690,1.1,1.8,2.9,1.5,1.1,0.3,0.9,2.8,7.3,
Johnny Juzang,23,UTA,SG,32,5,17.8,2.5,5.9,.418,1.7,4.2,.400,0.8,1.7,.463,.561,0.7,0.8,.880,0.6,2.2,2.8,1.0,0.4,0.2,0.5,1.9,7.3,
Cameron Payne,30,NYK,PG,40,1,14.6,2.6,6.0,.429,1.5,3.7,.409,1.1,2.3,.462,.556,0.6,0.7,.893,0.3,1.2,1.4,2.6,0.6,0.3,0.7,1.8,7.3,
Andre Drummond,31,PHI,C,28,16,19.2,2.9,5.7,.509,0.0,0.4,.091,2.9,5.3,.541,.513,1.3,2.2,.574,2.5,5.1,7.6,0.6,1.1,0.4,1.7,2.4,7.1,
Justin Edwards,21,PHI,SF,15,0,20.3,2.7,5.8,.460,1.2,3.5,.340,1.5,2.3,.647,.563,0.5,0.9,.615,1.0,1.8,2.8,0.9,0.7,0.3,0.9,1.9,7.1,
Quinten Post,24,GSW,PF,7,0,12.0,2.7,5.6,.487,1.4,3.9,.370,1.3,1.7,.750,.615,0.3,0.3,1.000,0.4,1.7,2.1,1.6,0.1,0.3,0.7,1.7,7.1,
Isaiah Jackson,23,IND,C,5,1,16.8,2.8,4.6,.609,0.0,0.0,,2.8,4.6,.609,.609,1.4,2.8,.500,2.2,3.4,5.6,1.0,0.6,1.6,1.0,2.8,7.0,
Kelly Olynyk,33,TOR,C,21,1,15.2,2.3,4.6,.510,0.8,1.7,.486,1.5,2.9,.525,.599,1.5,2.0,.780,0.9,2.5,3.4,2.3,0.7,0.4,1.5,2.2,7.0,
Ja'Kobe Walter,20,TOR,SG,27,7,18.4,2.6,6.5,.394,0.9,3.1,.298,1.6,3.4,.484,.466,0.9,1.4,.658,0.7,1.7,2.4,1.4,0.5,0.2,0.8,1.9,7.0,
Torrey Craig,34,CHI,SF,9,1,12.6,2.4,5.0,.489,1.7,3.9,.429,0.8,1.1,.700,.656,0.3,0.4,.750,0.9,1.9,2.8,0.6,0.2,0.1,0.0,1.7,6.9,
Bones Hyland,24,LAC,PG,19,0,11.3,2.2,5.8,.373,1.5,4.1,.377,0.6,1.7,.364,.505,1.1,1.3,.875,0.3,1.0,1.3,1.5,0.9,0.2,1.2,1.2,6.9,
Trey Lyles,29,SAC,PF,35,2,20.3,2.3,5.8,.397,1.4,4.0,.348,0.9,1.8,.508,.517,0.9,1.1,.775,1.1,3.7,4.8,0.9,0.6,0.5,0.6,1.3,6.9,
Jared Butler,24,WAS,PG,31,0,11.1,2.7,5.5,.488,0.5,1.3,.375,2.2,4.2,.523,.532,1.0,1.3,.775,0.5,0.9,1.3,2.5,0.4,0.2,0.9,1.2,6.8,
Vasilije Micić,31,CHO,PG,31,12,20.3,2.4,7.1,.335,1.1,3.4,.333,1.3,3.7,.336,.414,0.9,1.1,.818,0.5,1.7,2.3,3.4,0.5,0.0,2.0,1.2,6.8,
Eric Gordon,36,PHI,SG,33,10,19.4,2.2,5.2,.421,1.4,3.5,.397,0.8,1.7,.473,.556,1.0,1.3,.744,0.2,0.9,1.1,1.5,0.6,0.3,0.7,0.8,6.7,
Elfrid Payton,30,NOP,PG,7,3,20.6,3.3,6.6,.500,0.0,0.1,.000,3.3,6.4,.511,.500,0.1,0.3,.500,0.7,2.7,3.4,6.9,1.4,0.4,2.9,1.4,6.7,
Lonzo Ball,27,CHI,PG,25,4,20.7,2.2,6.2,.364,1.8,5.2,.336,0.5,0.9,.522,.506,0.4,0.5,.750,0.5,2.8,3.4,3.6,1.6,0.5,1.2,1.6,6.6,
Haywood Highsmith,28,MIA,SF,42,33,24.3,2.5,5.2,.475,1.2,3.0,.409,1.2,2.2,.565,.594,0.4,0.6,.667,0.8,2.4,3.2,1.2,1.0,0.6,0.8,2.1,6.6,
Sam Merrill,28,CLE,SG,38,2,18.2,2.2,5.8,.369,1.7,5.1,.333,0.5,0.8,.600,.514,0.6,0.6,.957,0.5,1.4,1.8,1.7,0.6,0.2,0.4,1.8,6.6,
Simone Fontecchio,29,DET,SF,40,0,17.9,2.2,5.3,.406,1.2,3.3,.351,1.0,2.0,.494,.514,1.0,1.3,.800,0.7,2.3,2.9,0.9,0.3,0.2,0.8,1.4,6.5,
DaQuan Jeffries,27,CHO,SG,11,0,17.9,2.5,5.3,.483,1.2,2.8,.419,1.4,2.5,.556,.595,0.3,0.4,.750,0.8,2.4,3.2,0.7,0.6,0.5,0.6,1.7,6.5,
Terance Mann,28,LAC,SG,32,12,20.4,2.5,5.5,.458,0.8,2.1,.364,1.8,3.5,.514,.525,0.7,0.9,.700,0.8,2.2,3.0,1.8,0.8,0.3,0.7,1.9,6.5,
Ron Holland,19,DET,SF,45,1,15.6,2.4,5.2,.468,0.5,2.0,.256,1.9,3.2,.600,.517,1.0,1.3,.780,0.5,2.3,2.8,0.8,0.5,0.2,0.9,1.8,6.4,
Vit Krejci,24,ATL,PG,30,13,19.2,2.3,5.2,.436,1.3,3.4,.392,0.9,1.8,.519,.564,0.5,0.7,.714,0.4,1.9,2.3,2.6,0.7,0.5,0.8,1.8,6.4,
KJ Martin,24,PHI,PF,24,7,20.0,2.5,4.1,.616,0.3,0.9,.381,2.2,3.3,.679,.657,1.0,1.2,.828,0.9,2.1,3.0,0.8,0.5,0.7,0.5,2.6,6.4,
Ajay Mitchell,22,OKC,SG,34,1,16.5,2.5,4.9,.506,0.6,1.5,.431,1.8,3.4,.539,.572,0.8,1.0,.848,0.5,1.5,2.0,1.7,0.7,0.1,0.8,1.7,6.4,
Josh Okogie,26,2TM,SG,29,1,15.0,2.3,4.8,.471,0.7,1.9,.389,1.6,3.0,.523,.546,1.1,1.5,.705,1.3,1.8,3.1,0.7,1.1,0.4,0.7,1.2,6.3,
Josh Okogie,26,PHO,SG,25,1,14.0,2.2,4.6,.491,0.6,1.7,.381,1.6,2.9,.556,.561,0.9,1.3,.688,1.3,1.6,2.9,0.6,0.8,0.4,0.6,1.1,6.0,
Josh Okogie,26,CHO,SG,4,0,20.8,2.5,6.5,.385,1.3,3.0,.417,1.3,3.5,.357,.481,2.3,3.0,.750,1.5,3.0,4.5,1.5,2.8,0.8,1.0,2.0,8.5,
Shake Milton,28,2TM,SG,34,1,16.3,2.3,5.0,.450,0.9,2.4,.366,1.4,2.6,.528,.538,0.9,1.1,.769,0.5,1.3,1.8,2.1,0.4,0.1,0.7,1.4,6.3,
Shake Milton,28,BRK,SG,27,1,18.2,2.7,5.8,.465,1.0,2.7,.389,1.7,3.1,.529,.554,0.9,1.2,.758,0.6,1.3,1.9,2.4,0.6,0.0,0.7,1.6,7.4,
Shake Milton,28,LAL,SG,7,0,8.7,0.6,2.0,.286,0.3,1.4,.200,0.3,0.6,.500,.357,0.7,0.9,.833,0.1,1.3,1.4,1.1,0.0,0.1,0.6,0.4,2.1,
Ricky Council IV,23,PHI,SF,36,3,14.3,2.1,5.1,.402,0.6,2.2,.269,1.5,2.9,.500,.459,1.6,1.9,.836,0.7,1.7,2.3,0.9,0.3,0.2,0.6,0.8,6.3,
Ben Simmons,28,BRK,PG,30,24,25.3,2.9,5.2,.555,0.0,0.0,,2.9,5.2,.555,.555,0.5,0.8,.696,0.9,4.4,5.3,7.1,0.8,0.5,2.8,2.5,6.3,
Jarace Walker,21,IND,PF,45,1,16.8,2.3,4.9,.468,1.0,2.5,.389,1.3,2.4,.551,.568,0.8,1.2,.642,0.4,2.9,3.3,1.5,1.0,0.4,1.1,1.7,6.3,
Talen Horton-Tucker,24,CHI,SG,38,0,12.0,2.2,4.8,.459,0.8,2.1,.388,1.4,2.7,.515,.544,0.9,1.3,.729,0.4,1.4,1.8,1.4,0.4,0.2,0.7,1.0,6.2,
Jonathan Isaac,27,ORL,PF,41,0,16.7,2.2,5.4,.412,0.7,2.7,.257,1.5,2.7,.563,.475,1.1,1.7,.667,1.8,3.0,4.8,0.5,0.8,1.3,0.5,1.4,6.2,
Dru Smith,27,MIA,SG,14,1,19.1,2.2,4.4,.508,1.1,2.1,.533,1.1,2.2,.484,.639,0.6,0.9,.750,0.9,1.7,2.6,1.6,1.5,0.4,1.2,2.1,6.2,
Kyle Filipowski,21,UTA,C,33,8,18.3,2.3,4.7,.490,0.6,2.0,.318,1.7,2.7,.618,.558,0.8,1.4,.596,1.0,3.8,4.8,1.7,0.6,0.1,1.0,1.9,6.1,
Javonte Green,31,NOP,SG,41,15,21.9,2.1,4.6,.466,0.8,2.1,.388,1.3,2.5,.529,.553,1.0,1.3,.774,1.1,2.4,3.5,0.9,1.0,0.7,0.7,1.5,6.1,
Kevin Love,36,MIA,PF,17,6,11.6,2.1,5.8,.354,1.2,3.4,.362,0.8,2.4,.341,.460,0.8,1.1,.684,1.0,3.4,4.4,1.1,0.8,0.1,0.8,0.9,6.1,
Davion Mitchell,26,TOR,PG,40,20,24.7,2.3,5.5,.418,0.9,2.6,.333,1.4,2.9,.496,.498,0.6,0.9,.667,0.4,1.6,2.0,4.6,0.7,0.2,1.7,2.6,6.1,
Nick Smith Jr.,20,CHO,SG,24,5,14.6,2.3,6.0,.386,1.3,3.5,.357,1.1,2.5,.426,.490,0.2,0.2,.800,0.2,1.5,1.7,1.4,0.3,0.2,0.8,0.7,6.1,
Thomas Bryant,27,2TM,C,29,1,13.1,2.3,4.1,.550,0.8,1.9,.411,1.5,2.2,.672,.646,0.7,0.7,.950,1.3,2.3,3.6,0.7,0.4,0.6,0.3,0.9,6.0,
Thomas Bryant,27,MIA,C,10,0,11.5,1.2,2.8,.429,0.6,1.7,.353,0.6,1.1,.545,.536,1.1,1.1,1.000,0.6,2.6,3.2,0.4,0.1,0.9,0.2,0.9,4.1,
Thomas Bryant,27,IND,C,19,1,13.9,2.8,4.8,.587,0.9,2.1,.436,1.9,2.8,.698,.679,0.4,0.5,.889,1.6,2.2,3.8,0.8,0.6,0.5,0.4,0.8,7.0,
Kris Dunn,30,LAC,PG,42,29,22.6,2.5,5.9,.423,0.9,3.0,.305,1.5,2.8,.551,.502,0.1,0.3,.500,0.7,2.6,3.2,2.7,1.5,0.3,1.1,2.5,6.0,
Dean Wade,28,CLE,PF,35,26,22.8,2.1,5.1,.408,1.5,4.3,.349,0.6,0.9,.700,.553,0.4,0.7,.520,1.0,4.1,5.1,1.6,0.9,0.5,0.3,1.9,6.0,
Keaton Wallace,25,ATL,PG,17,2,16.8,2.3,5.2,.438,1.0,2.6,.386,1.3,2.6,.489,.534,0.4,0.4,1.000,0.2,1.5,1.6,2.1,1.0,0.4,1.1,1.1,6.0,
James Wiseman,23,IND,C,1,0,5.0,2.0,4.0,.500,0.0,1.0,.000,2.0,3.0,.667,.500,2.0,2.0,1.000,0.0,1.0,1.0,0.0,0.0,0.0,0.0,0.0,6.0,
Marcus Sasser,24,DET,PG,34,0,13.8,2.2,4.8,.466,0.9,2.5,.369,1.3,2.3,.570,.561,0.5,0.6,.895,0.4,0.9,1.2,2.0,0.6,0.1,0.9,1.2,5.9,
Jaylin Williams,22,OKC,PF,18,5,16.2,2.2,5.2,.415,1.3,3.7,.364,0.8,1.6,.536,.543,0.2,0.2,1.000,1.2,3.6,4.8,2.2,0.4,0.6,0.7,1.7,5.9,
Isaac Okoro,24,CLE,SG,28,16,19.7,2.0,4.7,.427,1.1,2.8,.397,0.9,1.9,.472,.546,0.6,0.9,.720,0.8,1.3,2.1,1.6,0.7,0.4,0.4,2.0,5.8,
Jeremiah Robinson-Earl,24,NOP,PF,39,6,18.3,2.2,5.0,.446,0.7,2.3,.300,1.5,2.7,.571,.515,0.6,0.7,.862,1.8,3.1,4.8,1.3,0.7,0.2,0.7,1.3,5.8,
Robert Williams,27,POR,C,17,3,17.3,2.4,3.7,.651,0.1,0.2,.333,2.4,3.5,.667,.659,0.9,1.0,.882,1.8,3.9,5.7,1.0,0.6,1.7,0.9,1.5,5.8,
Alex Caruso,30,OKC,SG,27,0,19.7,2.2,5.7,.383,1.0,3.3,.292,1.2,2.4,.508,.468,0.3,0.4,.750,0.7,2.1,2.8,2.6,1.8,0.5,0.7,1.9,5.7,
Quenton Jackson,26,IND,PG,18,7,14.1,2.2,4.2,.513,0.5,1.3,.375,1.7,2.9,.577,.572,0.8,1.2,.714,0.6,0.9,1.5,1.7,0.5,0.3,0.6,1.8,5.7,
Isaiah Wong,24,CHO,SG,13,0,12.9,1.8,5.1,.364,0.4,1.6,.238,1.5,3.5,.422,.402,1.6,2.3,.700,1.0,0.9,1.9,1.5,0.5,0.0,0.9,1.1,5.7,
Alec Burks,33,MIA,SG,25,0,16.1,1.7,4.2,.413,1.3,3.1,.429,0.4,1.1,.370,.572,0.8,1.0,.808,0.3,1.7,2.0,1.0,0.5,0.2,0.4,0.6,5.6,
Seth Curry,34,CHO,SG,35,8,13.6,2.1,4.3,.497,1.0,2.2,.462,1.1,2.0,.535,.617,0.4,0.4,.867,0.4,1.0,1.4,0.5,0.4,0.1,0.4,1.0,5.6,
Drew Eubanks,27,UTA,C,34,2,15.0,2.3,3.6,.621,0.1,0.1,.600,2.2,3.5,.622,.633,1.0,1.6,.648,1.1,3.4,4.5,1.2,0.3,0.8,0.9,1.3,5.6,
Lindy Waters III,27,GSW,SG,37,9,17.5,2.1,5.5,.376,1.3,3.9,.336,0.7,1.5,.482,.498,0.2,0.3,.727,0.4,2.2,2.6,1.1,0.6,0.3,0.5,1.5,5.6,
Kenrich Williams,30,OKC,PF,34,0,14.0,2.2,4.4,.497,0.8,2.2,.373,1.4,2.2,.622,.591,0.4,0.5,.882,0.8,2.4,3.2,0.9,0.6,0.1,0.5,1.6,5.6,
Jamison Battle,23,TOR,SF,34,0,12.6,1.9,4.2,.458,1.3,3.1,.415,0.6,1.1,.583,.613,0.4,0.4,.857,0.6,1.3,1.8,0.9,0.1,0.1,0.4,1.1,5.5,
Isaiah Stewart,23,DET,C,41,3,20.7,2.3,4.4,.514,0.2,0.8,.242,2.1,3.6,.574,.536,0.8,0.9,.868,2.1,3.9,6.0,1.8,0.4,1.4,0.9,2.6,5.5,
Precious Achiuwa,25,NYK,C,25,1,18.7,2.3,4.4,.532,0.2,0.6,.375,2.1,3.7,.559,.560,0.5,1.0,.520,1.7,3.8,5.5,1.0,0.8,0.8,0.8,1.4,5.4,
Kyle Anderson,31,GSW,PF,33,3,15.2,2.1,4.8,.443,0.6,1.5,.373,1.5,3.2,.477,.503,0.5,0.8,.667,0.8,2.4,3.1,2.3,0.8,0.5,0.5,1.1,5.4,
Donovan Clingan,20,POR,C,33,10,16.8,2.2,4.3,.521,0.2,0.7,.273,2.1,3.6,.567,.542,0.8,1.0,.735,2.7,3.9,6.7,0.8,0.5,1.6,1.2,2.5,5.4,
Kobe Bufkin,21,ATL,SG,10,0,12.4,1.8,4.7,.383,0.4,1.9,.211,1.4,2.8,.500,.426,1.3,1.8,.722,0.5,1.6,2.1,1.7,0.3,0.2,0.8,0.9,5.3,
Jordan Miller,25,LAC,SF,27,0,13.6,2.0,4.7,.429,0.3,1.3,.222,1.7,3.3,.511,.460,1.0,1.2,.788,0.8,1.1,1.9,1.1,0.6,0.2,0.8,0.8,5.3,
Neemias Queta,25,BOS,C,37,5,14.9,2.2,3.4,.669,0.0,0.1,.000,2.2,3.3,.680,.669,0.8,1.1,.714,1.5,2.4,3.8,0.6,0.4,0.8,0.6,1.8,5.3,
Jamal Shead,22,TOR,PG,41,0,16.3,2.0,4.9,.416,0.8,2.2,.360,1.3,2.8,.460,.495,0.4,0.6,.720,0.2,0.8,1.1,3.3,0.6,0.1,1.4,1.8,5.3,
Ben Sheppard,23,IND,SG,31,7,20.2,1.9,4.8,.393,1.2,3.4,.356,0.7,1.5,.478,.517,0.3,0.3,.900,0.6,1.9,2.5,1.0,0.5,0.3,0.4,2.3,5.3,
Vince Williams Jr.,24,MEM,SG,3,0,15.0,2.3,6.3,.368,0.3,2.7,.125,2.0,3.7,.545,.395,0.3,1.3,.250,1.3,2.3,3.7,3.0,0.0,0.7,2.3,3.0,5.3,
Monte Morris,29,PHO,PG,36,0,13.4,1.8,4.3,.426,0.6,1.8,.303,1.3,2.5,.517,.490,0.9,1.1,.850,0.3,1.3,1.5,1.7,0.4,0.1,0.4,0.5,5.2,
Trevelin Queen,27,ORL,SG,20,2,16.3,2.0,5.0,.394,0.8,2.6,.308,1.2,2.4,.489,.475,0.5,0.6,.818,0.8,0.9,1.7,1.5,1.1,0.4,0.9,1.6,5.2,
Isaiah Collier,20,UTA,PG,35,10,21.3,2.0,5.7,.352,0.4,2.0,.217,1.6,3.7,.423,.389,0.7,1.1,.605,0.3,2.4,2.8,4.8,0.8,0.2,2.6,2.1,5.1,
Rob Dillingham,20,MIN,PG,20,0,10.3,2.1,4.4,.483,0.9,1.8,.486,1.3,2.6,.481,.580,0.0,0.0,,0.2,0.8,1.0,1.9,0.2,0.0,1.3,0.8,5.1,
Jonathan Mogbo,23,TOR,PF,36,6,16.4,1.9,4.2,.464,0.2,0.7,.320,1.7,3.5,.492,.490,1.0,1.3,.729,1.8,2.4,4.1,1.6,0.7,0.4,0.9,1.8,5.1,
Gary Payton II,32,GSW,SG,34,8,13.4,2.2,3.9,.560,0.3,1.3,.233,1.9,2.7,.714,.597,0.4,0.6,.632,1.1,2.0,3.0,1.3,0.6,0.3,0.6,1.5,5.1,
Jaxson Hayes,24,LAL,C,22,3,16.2,2.0,3.1,.632,0.0,0.0,.000,2.0,3.0,.642,.632,1.1,1.5,.735,1.4,2.6,4.0,0.8,0.4,0.7,0.5,2.0,5.0,
Kevon Looney,28,GSW,C,39,6,15.8,2.2,4.2,.521,0.0,0.0,.000,2.2,4.2,.524,.521,0.6,1.3,.449,2.8,3.9,6.8,1.7,0.7,0.3,0.6,2.2,5.0,
Alondes Williams,25,DET,SG,1,0,4.0,2.0,2.0,1.000,1.0,1.0,1.000,1.0,1.0,1.000,1.250,0.0,0.0,,0.0,0.0,0.0,1.0,0.0,0.0,0.0,0.0,5.0,
Marvin Bagley III,25,WAS,C,19,1,8.7,2.0,3.7,.535,0.1,0.5,.200,1.9,3.2,.590,.549,0.8,1.2,.652,1.4,1.5,2.9,0.4,0.4,0.3,0.6,0.6,4.9,
Matas Buzelis,20,CHI,SF,44,0,12.7,1.7,4.6,.376,0.8,2.3,.333,1.0,2.3,.417,.458,0.7,0.8,.811,0.7,2.0,2.7,0.4,0.3,0.8,0.6,1.3,4.9,
Ryan Rollins,22,MIL,PG,27,5,12.0,1.9,3.9,.481,0.6,1.6,.364,1.3,2.3,.565,.557,0.5,0.6,.813,0.3,1.3,1.7,1.1,0.8,0.4,0.9,1.4,4.9,
Gabe Vincent,28,LAL,PG,39,5,20.0,1.9,4.7,.397,1.0,3.1,.320,0.9,1.6,.548,.503,0.1,0.3,.500,0.3,1.0,1.3,1.3,0.7,0.2,0.6,2.1,4.9,
Malaki Branham,21,SAS,SG,28,0,10.0,1.7,4.0,.429,0.7,1.9,.385,1.0,2.1,.467,.518,0.6,0.7,.850,0.1,1.0,1.1,0.9,0.3,0.1,1.0,0.6,4.8,
Zach Collins,27,SAS,C,34,4,12.1,1.7,3.8,.457,0.4,1.3,.289,1.4,2.5,.548,.508,0.9,1.0,.886,1.1,1.8,2.9,1.5,0.4,0.4,0.7,2.0,4.8,
Luke Kornet,29,BOS,C,40,5,16.7,1.9,3.1,.618,0.0,0.0,,1.9,3.1,.618,.618,1.0,1.4,.741,2.3,2.9,5.2,1.5,0.5,1.0,0.4,1.3,4.8,
David Roddy,23,ATL,PF,25,2,13.0,1.7,3.6,.483,0.6,1.6,.390,1.1,1.9,.563,.573,0.7,0.9,.818,0.4,2.2,2.6,1.2,0.5,0.3,0.8,0.7,4.8,
Mo Bamba,26,LAC,C,27,2,12.9,1.8,3.7,.475,0.6,1.8,.313,1.2,2.0,.623,.550,0.6,0.9,.680,1.0,3.5,4.4,0.6,0.3,1.0,0.7,1.8,4.7,
Taylor Hendricks,21,UTA,PF,3,3,25.0,1.3,6.0,.222,1.0,4.0,.250,0.3,2.0,.167,.306,1.0,1.3,.750,1.7,3.3,5.0,0.7,1.7,1.3,0.7,2.7,4.7,
Tidjane Salaün,19,CHO,PF,34,8,18.4,1.6,5.0,.318,0.9,3.1,.280,0.7,1.9,.381,.406,0.6,0.9,.677,1.0,3.1,4.1,1.1,0.6,0.2,0.9,1.3,4.7,
Oscar Tshiebwe,25,UTA,C,3,0,15.3,1.3,2.0,.667,0.0,0.0,,1.3,2.0,.667,.667,2.0,2.7,.750,1.7,5.0,6.7,0.0,1.3,0.0,0.3,3.3,4.7,
Jett Howard,21,ORL,SF,39,0,11.1,1.6,4.3,.386,1.0,3.0,.322,0.7,1.2,.542,.500,0.4,0.5,.833,0.4,0.8,1.3,0.6,0.1,0.2,0.5,1.0,4.6,
Patty Mills,36,UTA,PG,16,0,15.4,1.6,4.6,.351,1.1,3.4,.309,0.6,1.2,.474,.466,0.3,0.3,1.000,0.2,1.0,1.2,1.3,0.8,0.2,1.0,0.8,4.6,
Charles Bassey,24,SAS,C,30,0,10.4,1.9,3.3,.586,0.0,0.0,,1.9,3.3,.586,.586,0.6,1.0,.621,1.6,2.7,4.3,0.4,0.4,0.9,0.7,1.4,4.5,
Trentyn Flowers,19,LAC,SF,2,0,8.0,2.0,4.5,.444,0.0,1.0,.000,2.0,3.5,.571,.444,0.5,0.5,1.000,0.5,1.5,2.0,0.0,0.0,0.0,0.5,1.5,4.5,
Dariq Whitehead,20,BRK,SF,8,0,7.0,1.5,3.1,.480,1.4,2.6,.524,0.1,0.5,.250,.700,0.1,0.4,.333,0.1,0.5,0.6,0.1,0.4,0.1,0.4,0.3,4.5,
Paul Reed,25,DET,C,24,0,10.1,1.7,3.0,.569,0.2,0.7,.313,1.5,2.3,.643,.604,0.9,1.0,.840,0.7,1.5,2.2,1.0,1.1,0.6,0.5,1.5,4.5,
KJ Simpson,22,CHO,PG,13,0,14.8,1.5,5.2,.294,0.5,2.5,.188,1.1,2.8,.389,.338,0.9,1.3,.706,1.1,0.9,2.0,1.6,0.8,0.2,1.0,1.4,4.5,
Sandro Mamukelashvili,25,SAS,PF,27,0,8.7,1.6,2.9,.538,0.7,1.7,.404,0.9,1.1,.742,.660,0.6,0.9,.708,0.7,1.9,2.6,0.6,0.3,0.3,0.4,0.7,4.4,
Kris Murray,24,POR,SF,38,0,14.3,1.8,3.9,.463,0.4,1.6,.267,1.4,2.3,.596,.517,0.4,0.8,.467,1.1,1.2,2.3,0.9,0.4,0.2,0.6,0.9,4.4,
Julian Phillips,21,CHI,SF,45,3,13.4,1.6,3.6,.436,0.6,1.9,.314,1.0,1.7,.571,.518,0.6,0.9,.707,0.9,1.2,2.1,0.4,0.4,0.2,0.4,1.3,4.4,
Antonio Reeves,24,NOP,SG,18,0,9.2,1.7,4.2,.408,0.6,2.1,.289,1.1,2.1,.526,.480,0.4,0.4,.875,0.3,0.7,1.0,0.6,0.3,0.0,0.3,0.4,4.4,
Daniel Theis,32,NOP,C,36,9,16.4,1.7,3.4,.496,0.3,1.0,.257,1.4,2.4,.591,.533,0.8,1.0,.829,1.2,3.2,4.4,1.6,0.5,0.5,0.7,1.8,4.4,
Pat Connaughton,32,MIL,SG,23,0,15.4,1.6,3.9,.400,0.7,2.3,.288,0.9,1.7,.553,.483,0.5,0.7,.750,0.6,2.3,2.9,1.8,0.2,0.3,0.6,1.2,4.3,
Elijah Harkless,24,UTA,SG,7,0,17.0,1.4,4.3,.333,1.0,3.3,.304,0.4,1.0,.429,.450,0.4,0.9,.500,1.1,1.3,2.4,1.0,1.4,0.1,0.4,2.0,4.3,
Reggie Jackson,34,PHI,PG,25,1,11.9,1.6,4.0,.396,0.8,2.4,.356,0.8,1.7,.452,.500,0.2,0.3,.857,0.2,1.0,1.2,1.5,0.5,0.1,0.7,1.1,4.3,
Jeff Green,38,HOU,PF,13,2,10.5,1.5,2.8,.541,0.6,1.8,.348,0.9,1.1,.857,.649,0.5,0.7,.778,0.2,1.2,1.4,0.2,0.2,0.1,0.2,1.1,4.2,
Pelle Larsson,23,MIA,SG,28,1,12.7,1.5,3.3,.462,0.5,1.5,.310,1.0,1.8,.592,.533,0.7,1.1,.645,0.5,1.1,1.5,1.0,0.5,0.1,0.4,1.8,4.2,
Devin Carter,22,SAC,PG,10,0,10.8,1.3,4.0,.325,0.6,2.1,.286,0.7,1.9,.368,.400,0.9,1.2,.750,0.5,2.2,2.7,1.3,0.1,0.3,0.4,1.0,4.1,
Gary Harris,30,ORL,SG,20,2,16.3,1.5,3.6,.403,1.0,2.7,.352,0.5,0.9,.556,.535,0.2,0.4,.500,0.5,0.8,1.3,0.5,0.7,0.3,0.5,0.7,4.1,
Tre Jones,25,SAS,PG,25,0,16.3,1.5,3.3,.463,0.3,0.9,.304,1.2,2.4,.525,.506,0.8,1.0,.760,0.6,1.6,2.2,3.7,0.6,0.2,0.8,1.2,4.1,
Kyle Lowry,38,PHI,PG,26,12,19.7,1.2,3.5,.352,0.8,2.6,.324,0.4,0.9,.435,.473,0.8,1.0,.800,0.3,1.5,1.8,2.7,1.0,0.3,0.7,1.9,4.1,
Mason Plumlee,34,PHO,C,43,18,17.3,1.6,2.7,.588,0.0,0.0,.000,1.6,2.6,.598,.588,0.9,1.5,.625,1.6,4.7,6.3,1.8,0.5,0.7,0.8,2.1,4.0,
Josh Richardson,31,MIA,SG,8,0,18.8,1.4,4.8,.289,0.8,2.8,.273,0.6,2.0,.313,.368,0.5,0.5,1.000,0.8,0.8,1.5,1.5,1.0,0.1,1.0,2.1,4.0,
Gui Santos,22,GSW,PF,21,1,12.0,1.5,3.1,.477,0.9,2.0,.442,0.6,1.0,.545,.623,0.2,0.4,.500,1.0,1.4,2.4,1.1,0.4,0.1,0.5,1.3,4.0,
Cam Spencer,24,MEM,SG,10,0,12.1,1.3,3.0,.433,0.5,1.6,.313,0.8,1.4,.571,.517,0.9,0.9,1.000,0.5,1.2,1.7,1.6,0.3,0.1,0.5,1.1,4.0,
Jeff Dowtin,27,PHI,PG,21,0,11.6,1.5,3.7,.416,0.3,1.0,.273,1.2,2.6,.473,.455,0.6,0.8,.706,0.1,1.1,1.3,1.6,0.4,0.2,0.1,0.6,3.9,
Aaron Holiday,28,HOU,PG,31,0,10.8,1.3,3.2,.414,0.8,2.1,.375,0.5,1.1,.486,.535,0.5,0.5,.882,0.2,0.8,1.0,1.1,0.4,0.1,0.5,0.8,3.9,
Cody Williams,20,UTA,SG,26,12,21.0,1.4,4.6,.300,0.6,2.4,.238,0.8,2.2,.368,.363,0.5,0.8,.636,0.5,1.7,2.2,1.3,0.5,0.4,0.8,1.9,3.9,
Jamal Cain,25,NOP,SF,18,0,12.8,1.4,3.2,.439,0.5,1.7,.300,0.9,1.5,.593,.518,0.6,0.9,.625,0.9,1.7,2.6,0.6,0.5,0.4,0.4,1.2,3.8,
Moussa Diabaté,23,CHO,C,35,4,18.1,1.6,2.7,.606,0.0,0.0,,1.6,2.7,.606,.606,0.5,1.0,.543,2.9,3.7,6.6,0.7,0.7,0.8,0.9,1.6,3.8,
Oso Ighodaro,22,PHO,PF,36,2,16.1,1.6,2.9,.558,0.0,0.1,.000,1.6,2.8,.569,.558,0.5,1.0,.543,0.9,2.6,3.5,1.0,0.5,0.4,0.6,1.7,3.8,
Doug McDermott,33,SAC,SF,28,3,8.6,1.3,2.9,.450,1.1,2.5,.449,0.2,0.4,.455,.644,0.1,0.2,.600,0.1,0.5,0.6,0.1,0.1,0.0,0.2,0.9,3.8,
Dario Šarić,30,DEN,C,13,4,14.8,1.4,4.2,.333,0.5,1.8,.250,0.9,2.3,.400,.389,0.5,0.8,.700,1.0,2.6,3.6,1.7,0.5,0.1,1.1,1.4,3.8,
Jae'Sean Tate,29,HOU,SF,25,1,10.8,1.4,3.0,.473,0.2,0.7,.333,1.2,2.2,.518,.514,0.7,1.1,.630,1.0,1.4,2.3,0.8,0.5,0.1,0.5,1.9,3.7,
Andre Jackson Jr.,23,MIL,SG,41,33,17.1,1.5,3.3,.444,0.5,1.5,.367,0.9,1.8,.507,.526,0.2,0.3,.538,1.1,2.0,3.1,1.4,0.6,0.3,1.0,2.2,3.6,
Jevon Carter,29,CHI,PG,20,0,6.4,1.2,2.8,.436,0.8,1.9,.421,0.4,0.9,.471,.582,0.3,0.4,.750,0.1,0.7,0.8,0.7,0.3,0.1,0.4,0.3,3.5,
Isaac Jones,24,SAC,PF,22,0,8.0,1.5,2.2,.653,0.0,0.2,.250,1.4,2.0,.689,.663,0.5,0.9,.550,0.5,1.0,1.4,0.2,0.1,0.4,0.5,1.0,3.5,
DeAndre Jordan,36,DEN,C,33,2,11.8,1.6,2.4,.650,0.0,0.0,,1.6,2.4,.650,.650,0.4,0.9,.414,1.3,3.3,4.6,0.8,0.3,0.5,0.7,1.3,3.5,
Wendell Moore Jr.,23,DET,SG,17,1,12.4,1.3,2.8,.458,0.2,0.8,.231,1.1,2.1,.543,.490,0.8,0.8,.929,0.6,1.9,2.6,1.3,0.6,0.2,0.5,0.9,3.5,
Dalen Terry,22,CHI,SG,43,1,12.8,1.3,2.9,.432,0.3,1.0,.333,0.9,1.9,.488,.492,0.7,0.9,.700,0.6,0.9,1.5,1.1,0.5,0.2,0.8,1.5,3.5,
JT Thor,22,CLE,PF,8,0,4.9,1.1,1.8,.643,0.4,0.6,.600,0.8,1.1,.667,.750,0.9,1.0,.875,0.4,0.4,0.8,0.1,0.3,0.4,0.8,0.8,3.5,
Ousmane Dieng,21,OKC,C,25,0,10.4,1.2,3.3,.373,0.5,1.9,.271,0.7,1.4,.514,.452,0.4,0.6,.688,0.4,1.8,2.2,0.7,0.5,0.2,0.2,0.9,3.4,
Bruno Fernando,26,TOR,C,17,2,8.6,1.5,2.9,.531,0.0,0.0,,1.5,2.9,.531,.531,0.4,0.5,.750,1.2,1.8,3.0,1.1,0.2,0.5,0.8,1.6,3.4,
Micah Potter,26,UTA,C,16,6,17.3,1.2,3.1,.380,0.8,2.4,.333,0.4,0.7,.545,.510,0.2,0.2,1.000,1.1,2.8,3.9,0.8,0.3,0.4,0.6,1.1,3.4,
Cam Reddish,25,LAL,SF,30,8,18.1,1.2,2.8,.424,0.4,1.5,.289,0.8,1.3,.575,.500,0.4,0.7,.619,0.5,1.5,2.0,0.7,1.0,0.3,0.4,1.4,3.3,
Jabari Walker,22,POR,SF,33,1,10.6,1.4,3.0,.450,0.2,0.9,.161,1.2,2.1,.580,.475,0.4,0.7,.583,0.9,2.1,2.9,0.5,0.6,0.2,0.5,1.3,3.3,
Nicolas Batum,36,LAC,PF,44,1,17.6,1.0,2.8,.371,0.8,2.3,.363,0.2,0.5,.409,.520,0.2,0.3,.769,0.7,2.2,2.9,1.4,0.6,0.4,0.5,1.6,3.2,
Bol Bol,25,PHO,PF,11,0,6.0,1.2,2.2,.542,0.3,1.0,.273,0.9,1.2,.769,.604,0.5,0.9,.600,0.5,1.2,1.6,0.1,0.0,0.2,0.5,0.2,3.2,
Moses Brown,25,IND,C,9,0,5.1,1.4,2.2,.650,0.0,0.0,,1.4,2.2,.650,.650,0.3,0.6,.600,0.4,1.0,1.4,0.0,0.2,0.1,0.7,0.7,3.2,
Drew Peterson,25,BOS,PF,11,0,9.9,1.0,2.0,.500,0.6,1.5,.412,0.4,0.5,.800,.659,0.5,0.6,.857,0.5,1.6,2.1,0.7,0.2,0.2,0.5,0.9,3.2,
Reed Sheppard,20,HOU,PG,32,0,11.3,1.2,3.9,.315,0.6,2.3,.274,0.6,1.6,.373,.395,0.2,0.2,.833,0.3,0.9,1.3,1.2,0.5,0.3,0.6,0.9,3.2,
Steven Adams,31,HOU,C,30,0,11.3,1.2,2.0,.600,0.0,0.0,,1.2,2.0,.600,.600,0.7,1.8,.415,2.4,2.5,4.9,1.1,0.3,0.4,1.0,0.9,3.1,
Kobe Brown,25,LAC,PF,16,0,9.0,1.3,2.8,.477,0.3,0.9,.267,1.1,1.8,.586,.523,0.2,0.3,.750,0.8,1.9,2.7,0.8,0.2,0.1,0.3,0.9,3.1,
Branden Carlson,25,OKC,C,15,0,6.3,1.1,2.3,.457,0.8,1.9,.429,0.3,0.5,.571,.629,0.1,0.1,1.000,0.3,1.3,1.7,0.4,0.1,0.4,0.1,0.7,3.1,
Damion Lee,32,PHO,SG,10,0,6.0,0.9,2.9,.310,0.3,1.5,.200,0.6,1.4,.429,.362,1.0,1.0,1.000,0.1,0.8,0.9,0.7,0.2,0.0,0.5,0.2,3.1,
Landry Shamet,27,NYK,SG,15,0,11.1,1.3,3.0,.422,0.5,1.7,.280,0.8,1.3,.600,.500,0.1,0.1,.500,0.2,0.7,0.9,0.5,0.5,0.1,0.3,0.7,3.1,
Blake Wesley,21,SAS,SG,29,0,9.6,1.2,2.8,.450,0.1,0.7,.190,1.1,2.0,.542,.475,0.5,0.7,.714,0.2,0.6,0.8,1.9,0.3,0.1,0.9,0.5,3.1,
David Duke Jr.,25,SAS,SG,1,0,8.0,1.0,4.0,.250,0.0,1.0,.000,1.0,3.0,.333,.250,1.0,2.0,.500,0.0,0.0,0.0,2.0,0.0,0.0,0.0,1.0,3.0,
Maxi Kleber,33,DAL,PF,34,4,18.7,1.1,2.8,.385,0.4,1.4,.265,0.7,1.4,.511,.453,0.5,0.6,.762,0.7,2.1,2.8,1.3,0.3,0.5,0.7,1.9,3.0,
John Konchar,28,MEM,SG,24,3,14.6,1.1,2.7,.406,0.6,1.9,.311,0.5,0.8,.632,.516,0.2,0.3,.833,1.1,3.1,4.2,1.1,0.6,0.5,0.4,1.0,3.0,
Jock Landale,29,HOU,C,21,0,9.2,1.1,2.8,.414,0.1,0.3,.429,1.0,2.4,.412,.440,0.6,1.0,.591,1.2,1.5,2.7,0.7,0.2,0.3,0.5,0.7,3.0,
Taze Moore,26,POR,SG,2,0,10.0,1.0,5.0,.200,0.5,2.0,.250,0.5,3.0,.167,.250,0.5,1.0,.500,2.0,2.0,4.0,0.5,1.0,0.0,1.0,0.0,3.0,
Pete Nance,24,PHI,C,5,0,12.0,1.0,3.0,.333,0.8,2.4,.333,0.2,0.6,.333,.467,0.2,0.4,.500,0.4,1.4,1.8,0.6,0.2,0.0,0.0,2.0,3.0,
Jae Crowder,34,SAC,PF,7,2,13.1,0.9,2.4,.353,0.4,1.7,.250,0.4,0.7,.600,.441,0.7,0.9,.833,0.9,1.6,2.4,0.6,0.4,0.0,0.6,1.4,2.9,
Luka Garza,26,MIN,C,14,0,4.3,1.2,2.1,.567,0.1,0.6,.250,1.1,1.6,.682,.600,0.4,0.6,.625,0.4,0.7,1.1,0.1,0.1,0.0,0.4,0.6,2.9,
Caleb Houstan,22,ORL,SF,33,5,12.3,0.9,2.9,.313,0.8,2.5,.310,0.1,0.4,.333,.448,0.3,0.3,1.000,0.4,0.6,1.0,0.5,0.2,0.1,0.2,1.1,2.9,
Josh Minott,22,MIN,SF,27,0,7.4,1.1,2.3,.500,0.3,1.0,.250,0.9,1.3,.706,.556,0.3,0.4,.818,0.2,0.9,1.1,0.5,0.4,0.3,0.3,0.9,2.9,
Olivier-Maxence Prosper,22,DAL,PF,35,1,8.5,1.0,2.5,.402,0.2,0.8,.241,0.8,1.7,.483,.443,0.7,1.2,.595,0.8,1.3,2.1,0.5,0.3,0.1,0.3,0.4,2.9,
Adem Bona,21,PHI,C,29,1,10.2,1.0,1.4,.725,0.0,0.0,,1.0,1.4,.725,.725,0.8,1.1,.667,0.9,1.8,2.6,0.3,0.2,0.7,0.6,1.8,2.8,
A.J. Lawson,24,TOR,SG,4,0,3.8,1.0,2.0,.500,0.5,1.3,.400,0.5,0.8,.667,.625,0.3,0.8,.333,0.3,0.5,0.8,0.0,0.0,0.0,0.0,0.0,2.8,
Jalen Pickett,25,DEN,SG,18,0,7.6,1.1,2.1,.500,0.5,1.2,.429,0.6,0.9,.588,.618,0.1,0.1,1.000,0.2,0.7,0.8,1.6,0.1,0.1,0.4,0.6,2.7,
Rayan Rupert,20,POR,SG,31,0,8.5,1.0,2.4,.413,0.3,1.1,.294,0.7,1.3,.512,.480,0.4,0.5,.750,0.6,0.6,1.2,0.5,0.3,0.1,0.5,0.6,2.7,
Brandon Williams,25,DAL,PG,15,0,6.3,0.9,2.3,.412,0.2,0.7,.300,0.7,1.6,.458,.456,0.7,0.9,.769,0.1,0.6,0.7,0.8,0.1,0.0,0.5,0.4,2.7,
Jeenathan Williams,25,HOU,SG,6,0,3.5,1.2,1.5,.778,0.3,0.7,.500,0.8,0.8,1.000,.889,0.0,0.0,,0.0,0.5,0.5,0.2,0.3,0.2,0.2,0.2,2.7,
Taj Gibson,39,CHO,C,17,9,10.5,1.1,2.2,.486,0.1,0.1,.500,1.0,2.1,.486,.500,0.4,0.6,.700,1.2,1.6,2.9,0.5,0.4,0.3,0.6,1.4,2.6,
Richaun Holmes,31,WAS,PF,7,0,8.6,1.0,2.4,.412,0.0,0.1,.000,1.0,2.3,.438,.412,0.6,0.7,.800,1.0,1.9,2.9,0.1,0.0,0.6,0.3,0.7,2.6,
Delon Wright,32,MIL,PG,25,2,15.3,0.9,3.1,.282,0.5,1.8,.261,0.4,1.3,.313,.359,0.3,0.6,.571,0.6,1.1,1.7,1.8,0.8,0.3,0.6,0.7,2.6,
Reece Beekman,23,2TM,PG,16,0,9.9,1.0,2.6,.390,0.3,0.9,.267,0.8,1.6,.462,.439,0.3,0.4,.571,0.3,0.5,0.8,1.3,0.5,0.1,0.5,0.4,2.5,
Reece Beekman,23,GSW,PG,2,0,2.0,0.5,0.5,1.000,0.0,0.0,,0.5,0.5,1.000,1.000,0.0,0.0,,0.5,0.0,0.5,0.5,0.5,0.0,0.0,0.5,1.0,
Reece Beekman,23,BRK,PG,14,0,11.1,1.1,2.9,.375,0.3,1.1,.267,0.8,1.8,.440,.425,0.3,0.5,.571,0.2,0.6,0.8,1.4,0.5,0.1,0.6,0.4,2.7,
Johnny Davis,22,WAS,SG,30,0,7.2,1.0,2.4,.431,0.2,0.9,.259,0.8,1.5,.533,.479,0.2,0.4,.636,0.3,0.8,1.1,0.3,0.4,0.2,0.2,0.6,2.5,
Collin Gillespie,25,PHO,PG,2,0,3.0,1.0,1.5,.667,0.5,0.5,1.000,0.5,1.0,.500,.833,0.0,0.0,,0.5,0.0,0.5,0.0,0.0,0.0,0.0,0.5,2.5,
E.J. Liddell,24,CHI,PF,6,0,5.2,0.8,1.3,.625,0.5,1.0,.500,0.3,0.3,1.000,.813,0.3,0.3,1.000,0.2,0.7,0.8,0.5,0.2,0.2,0.3,1.3,2.5,
Craig Porter Jr.,24,CLE,PG,26,0,7.6,1.0,1.7,.581,0.3,0.5,.538,0.7,1.2,.600,.663,0.2,0.3,.750,0.1,0.7,0.8,1.0,0.2,0.3,0.5,0.4,2.4,
Duop Reath,28,POR,C,21,0,5.9,0.8,2.1,.386,0.5,1.5,.313,0.3,0.6,.583,.500,0.3,0.4,.750,0.4,0.6,1.0,0.3,0.0,0.1,0.2,0.7,2.4,
Pat Spencer,28,GSW,PG,18,0,6.8,0.9,2.5,.378,0.1,0.6,.200,0.8,1.9,.429,.400,0.4,0.6,.700,0.5,0.8,1.3,1.5,0.4,0.1,0.6,0.4,2.4,
Vlatko Čančar,27,DEN,PF,4,0,8.5,1.0,1.8,.571,0.3,0.5,.500,0.8,1.3,.600,.643,0.0,0.0,,0.8,1.3,2.0,0.0,0.0,0.3,0.5,1.0,2.3,
Chris Duarte,27,CHI,SG,16,0,4.6,0.8,1.6,.480,0.4,0.9,.429,0.4,0.7,.545,.600,0.4,0.5,.750,0.3,0.9,1.3,0.5,0.0,0.0,0.1,0.4,2.3,
Lester Quiñones,24,PHI,SG,4,0,4.3,1.0,2.0,.500,0.0,0.8,.000,1.0,1.3,.800,.500,0.3,0.3,1.000,0.8,0.3,1.0,0.3,0.0,0.0,1.0,0.0,2.3,
Tyler Smith,20,MIL,PF,13,0,3.3,0.9,1.4,.667,0.4,0.8,.500,0.5,0.6,.875,.806,0.1,0.2,.500,0.2,0.8,0.9,0.1,0.0,0.2,0.2,0.4,2.3,
Trey Jemison,25,2TM,C,18,0,10.2,0.8,1.8,.469,0.0,0.0,,0.8,1.8,.469,.469,0.5,1.3,.391,1.3,1.5,2.8,0.6,0.4,0.4,0.6,1.7,2.2,
Trey Jemison,25,NOP,C,16,0,10.4,0.9,2.0,.469,0.0,0.0,,0.9,2.0,.469,.469,0.5,1.3,.381,1.4,1.4,2.8,0.6,0.4,0.4,0.6,1.7,2.4,
Trey Jemison,25,LAL,C,2,0,8.5,0.0,0.0,,0.0,0.0,,0.0,0.0,,,0.5,1.0,.500,0.5,2.5,3.0,0.0,0.0,1.0,0.5,2.0,0.5,
Patrick Baldwin Jr.,22,WAS,SF,19,0,4.2,0.8,1.4,.556,0.5,0.9,.529,0.3,0.5,.600,.722,0.1,0.2,.500,0.2,0.6,0.8,0.1,0.1,0.1,0.2,0.3,2.2,
Kai Jones,24,LAC,C,27,0,7.6,0.9,1.3,.714,0.0,0.1,.000,0.9,1.2,.758,.714,0.3,0.4,.750,0.6,1.1,1.7,0.4,0.2,0.5,0.4,0.9,2.2,
Jaylon Tyson,22,CLE,SG,27,1,7.5,0.9,2.0,.426,0.3,0.8,.364,0.6,1.2,.469,.500,0.2,0.4,.600,0.6,1.2,1.8,0.7,0.3,0.0,0.4,0.9,2.2,
Johnny Furphy,20,IND,SG,30,0,7.5,0.7,1.8,.382,0.4,1.1,.344,0.3,0.8,.435,.482,0.3,0.3,1.000,0.4,0.7,1.1,0.3,0.3,0.2,0.3,0.7,2.1,
Dillon Jones,23,OKC,SF,28,0,8.6,0.8,2.3,.338,0.3,1.3,.189,0.5,1.0,.536,.392,0.3,0.5,.571,0.6,1.2,1.9,0.8,0.2,0.1,0.4,1.0,2.1,
Orlando Robinson,24,2TM,C,11,0,7.2,0.8,2.3,.360,0.1,0.5,.167,0.7,1.7,.421,.380,0.4,0.6,.571,0.5,1.4,1.8,0.8,0.4,0.3,0.6,0.9,2.1,
Orlando Robinson,24,SAC,C,9,0,6.3,0.8,1.9,.412,0.1,0.6,.200,0.7,1.3,.500,.441,0.4,0.8,.571,0.3,1.2,1.6,1.0,0.3,0.1,0.4,0.7,2.1,
Orlando Robinson,24,TOR,C,2,0,11.0,1.0,4.0,.250,0.0,0.5,.000,1.0,3.5,.286,.250,0.0,0.0,,1.0,2.0,3.0,0.0,0.5,1.0,1.5,2.0,2.0,
Hunter Tyson,24,DEN,PF,33,0,7.5,0.7,1.8,.373,0.3,1.1,.306,0.3,0.7,.478,.466,0.4,0.6,.737,0.3,1.2,1.5,0.4,0.2,0.1,0.3,0.9,2.1,
Dominick Barlow,21,ATL,SF,9,0,5.6,0.7,1.6,.429,0.2,0.4,.500,0.4,1.1,.400,.500,0.4,0.7,.667,0.0,0.8,0.8,0.2,0.3,0.0,0.0,0.3,2.0,
MarJon Beauchamp,24,MIL,SF,22,0,4.2,0.7,1.7,.395,0.2,0.8,.278,0.5,0.9,.500,.461,0.4,0.5,.800,0.2,0.9,1.0,0.1,0.1,0.0,0.5,0.2,2.0,
Jalen Hood-Schifino,21,LAL,SG,2,0,7.0,0.5,0.5,1.000,0.0,0.0,,0.5,0.5,1.000,1.000,1.0,1.0,1.000,0.5,0.0,0.5,0.5,0.0,0.5,0.5,1.5,2.0,
Cory Joseph,33,ORL,PG,29,0,7.6,0.7,2.0,.356,0.5,1.4,.350,0.2,0.7,.368,.475,0.1,0.1,.500,0.2,0.6,0.8,0.8,0.4,0.1,0.4,0.6,2.0,
Christian Koloko,24,LAL,C,24,0,8.6,0.9,1.5,.595,0.0,0.1,.000,0.9,1.5,.629,.595,0.1,0.2,.750,1.0,1.2,2.3,0.3,0.3,0.3,0.3,1.1,2.0,
Alex Reese,25,OKC,PF,1,0,2.0,1.0,1.0,1.000,0.0,0.0,,1.0,1.0,1.000,1.000,0.0,0.0,,1.0,0.0,1.0,0.0,0.0,0.0,0.0,0.0,2.0,
Adama Sanogo,22,CHI,C,4,0,5.3,1.0,1.8,.571,0.0,0.0,,1.0,1.8,.571,.571,0.0,0.0,,1.3,0.3,1.5,0.3,0.0,0.0,0.3,0.3,2.0,
Tristan Thompson,33,CLE,C,21,0,8.1,0.9,1.8,.474,0.0,0.1,.000,0.9,1.7,.500,.474,0.2,1.0,.250,0.8,2.1,2.9,0.7,0.0,0.3,0.5,1.0,2.0,
Jarred Vanderbilt,25,LAL,PF,1,0,12.0,1.0,2.0,.500,0.0,1.0,.000,1.0,1.0,1.000,.500,0.0,0.0,,2.0,2.0,4.0,2.0,3.0,0.0,0.0,3.0,2.0,
TyTy Washington Jr.,23,PHO,PG,4,0,7.0,0.8,1.5,.500,0.5,0.8,.667,0.3,0.8,.333,.667,0.0,0.0,,0.0,0.3,0.3,1.0,0.5,0.0,0.3,0.0,2.0,
Anthony Gill,32,WAS,PF,31,0,5.9,0.6,1.3,.488,0.2,0.5,.357,0.5,0.9,.556,.549,0.5,0.8,.625,0.2,0.7,0.9,0.2,0.2,0.0,0.2,0.5,1.9,
Tyler Kolek,23,NYK,PG,26,0,5.4,0.7,1.7,.378,0.4,1.0,.385,0.3,0.7,.368,.489,0.2,0.2,1.000,0.1,0.5,0.6,0.7,0.3,0.0,0.3,0.5,1.9,
Jordan McLaughlin,28,SAC,PG,27,0,6.8,0.6,1.6,.381,0.4,0.9,.400,0.2,0.6,.353,.500,0.4,0.5,.714,0.1,0.6,0.8,0.9,0.4,0.0,0.4,0.5,1.9,
Enrique Freeman,24,IND,PF,18,1,7.5,0.7,1.4,.480,0.1,0.3,.167,0.6,1.1,.579,.500,0.4,0.7,.538,0.3,0.7,1.0,0.4,0.1,0.1,0.3,0.9,1.8,
Jericho Sims,26,NYK,C,35,5,11.9,0.8,1.3,.600,0.0,0.0,,0.8,1.3,.600,.600,0.2,0.4,.615,1.4,2.2,3.6,0.6,0.2,0.3,0.6,1.3,1.8,
Markieff Morris,35,DAL,PF,6,0,4.8,0.7,2.7,.250,0.3,1.5,.222,0.3,1.2,.286,.313,0.0,0.0,,0.0,1.2,1.2,0.7,0.2,0.2,0.3,0.2,1.7,
Matt Ryan,27,NYK,SF,15,0,3.9,0.6,1.7,.360,0.3,1.1,.313,0.3,0.6,.444,.460,0.1,0.1,1.000,0.0,0.4,0.4,0.0,0.1,0.0,0.2,0.1,1.7,
Jaden Springer,22,BOS,SG,22,0,4.9,0.5,1.2,.385,0.2,0.5,.333,0.3,0.6,.429,.462,0.6,0.9,.737,0.2,0.6,0.8,0.4,0.4,0.0,0.1,0.7,1.7,
Jordan Walsh,20,BOS,PF,32,1,8.2,0.6,1.7,.358,0.3,1.2,.297,0.3,0.5,.500,.462,0.2,0.3,.500,0.4,0.8,1.1,0.3,0.3,0.3,0.3,0.6,1.7,
Ariel Hukporti,22,NYK,C,15,0,7.9,0.7,1.1,.625,0.0,0.0,,0.7,1.1,.625,.625,0.3,0.5,.500,0.3,1.5,1.9,0.4,0.0,0.7,0.7,1.0,1.6,
Keshad Johnson,23,MIA,SF,10,0,5.7,0.7,1.2,.583,0.1,0.4,.250,0.6,0.8,.750,.625,0.1,0.6,.167,0.2,1.5,1.7,0.3,0.1,0.4,0.3,0.5,1.6,
Alex Len,31,SAC,C,33,3,7.5,0.7,1.2,.537,0.0,0.2,.167,0.6,1.1,.600,.549,0.2,0.4,.538,0.7,1.2,1.9,0.9,0.2,0.5,0.3,1.0,1.6,
Pacome Dadiet,19,NYK,SG,13,0,6.4,0.5,1.5,.300,0.4,1.1,.357,0.1,0.5,.167,.425,0.2,0.2,1.000,0.0,1.0,1.0,0.4,0.1,0.2,0.1,0.4,1.5,
Jazian Gortman,21,DAL,PG,16,0,3.6,0.6,1.4,.391,0.3,0.7,.364,0.3,0.8,.417,.478,0.1,0.3,.500,0.1,0.3,0.3,0.4,0.1,0.1,0.3,0.6,1.5,
Quincy Olivari,23,LAL,PG,2,0,5.0,0.5,2.5,.200,0.5,2.5,.200,0.0,0.0,,.300,0.0,0.0,,0.0,0.0,0.0,0.5,0.0,0.0,0.5,0.0,1.5,
Dwight Powell,33,DAL,C,33,0,7.6,0.4,0.5,.778,0.0,0.0,1.000,0.4,0.5,.765,.806,0.6,0.9,.667,0.7,1.1,1.8,0.7,0.4,0.5,0.2,1.2,1.5,
Terrence Shannon Jr. ,24,MIN,SG,10,0,4.5,0.7,1.3,.538,0.1,0.3,.333,0.6,1.0,.600,.577,0.0,0.0,,0.0,0.2,0.2,0.5,0.2,0.1,0.3,0.1,1.5,
Armel Traoré,22,LAL,SF,8,0,7.6,0.6,2.3,.278,0.0,0.9,.000,0.6,1.4,.455,.278,0.3,0.9,.286,0.1,1.6,1.8,0.1,0.5,0.3,0.3,0.8,1.5,
Colin Castleton,24,MEM,C,10,0,4.6,0.2,1.0,.200,0.0,0.4,.000,0.2,0.6,.333,.200,1.0,1.1,.909,0.3,0.6,0.9,0.0,0.1,0.1,0.1,0.6,1.4,
Sidy Cissoko,20,SAS,SF,16,0,3.2,0.6,1.1,.500,0.2,0.4,.429,0.4,0.7,.545,.583,0.1,0.4,.167,0.2,0.4,0.6,0.4,0.1,0.0,0.1,0.4,1.4,
Yuki Kawamura,23,MEM,PG,17,0,3.3,0.5,1.2,.381,0.2,0.9,.267,0.2,0.4,.667,.476,0.2,0.4,.667,0.0,0.4,0.4,0.7,0.1,0.0,0.2,0.4,1.4,
Alex Ducas,24,OKC,SG,9,0,3.4,0.4,1.0,.444,0.4,0.9,.500,0.0,0.1,.000,.667,0.0,0.0,,0.1,0.2,0.3,0.1,0.1,0.0,0.1,0.3,1.3,
Jack McVeigh,28,HOU,PF,6,0,3.5,0.5,1.8,.273,0.3,1.3,.250,0.2,0.5,.333,.364,0.0,0.0,,0.2,0.5,0.7,0.2,0.0,0.2,0.2,0.2,1.3,
Luke Travers,23,CLE,SG,6,0,7.0,0.5,1.2,.429,0.0,0.5,.000,0.5,0.7,.750,.429,0.3,0.3,1.000,0.2,0.8,1.0,0.8,0.2,0.2,0.3,0.5,1.3,
Cam Christie,19,LAC,SG,5,0,5.8,0.4,1.8,.222,0.2,1.2,.167,0.2,0.6,.333,.278,0.2,0.4,.500,0.2,1.0,1.2,0.4,0.4,0.0,0.4,0.4,1.2,
JD Davison,22,BOS,PG,5,0,4.8,0.4,1.0,.400,0.2,0.6,.333,0.2,0.4,.500,.500,0.2,0.4,.500,0.0,0.4,0.4,0.2,0.2,0.0,1.2,0.2,1.2,
AJ Johnson,20,MIL,SG,6,0,2.5,0.5,1.2,.429,0.2,0.2,1.000,0.3,1.0,.333,.500,0.0,0.0,,0.0,0.5,0.5,0.5,0.0,0.0,0.3,0.0,1.2,
Bryce McGowens,22,POR,SG,5,0,2.6,0.6,1.0,.600,0.0,0.4,.000,0.6,0.6,1.000,.600,0.0,0.2,.000,0.2,0.0,0.2,0.2,0.0,0.0,0.4,0.2,1.2,
Zeke Nnaji,24,DEN,PF,27,0,4.5,0.6,1.3,.441,0.0,0.4,.000,0.6,0.9,.625,.441,0.1,0.3,.429,0.1,0.4,0.5,0.1,0.0,0.1,0.1,0.3,1.2,
PJ Hall,22,DEN,C,10,0,2.8,0.4,0.8,.500,0.0,0.3,.000,0.4,0.5,.800,.500,0.3,0.4,.750,0.2,0.8,1.0,0.2,0.0,0.1,0.1,0.3,1.1,
Colby Jones,22,SAC,SG,23,0,5.3,0.5,1.1,.440,0.2,0.4,.444,0.3,0.7,.438,.520,0.0,0.0,,0.3,0.6,0.9,0.2,0.2,0.3,0.3,0.6,1.1,
Adam Flagler,25,OKC,SG,15,0,3.7,0.3,2.1,.161,0.3,1.9,.179,0.0,0.2,.000,.242,0.0,0.0,,0.2,0.3,0.5,0.0,0.1,0.1,0.1,0.4,1.0,
Mouhamed Gueye,22,ATL,PF,2,0,5.5,0.5,2.0,.250,0.0,1.0,.000,0.5,1.0,.500,.250,0.0,0.0,,0.0,1.0,1.0,0.0,0.0,0.0,0.5,0.0,1.0,
James Johnson,37,IND,PF,8,0,3.4,0.5,0.9,.571,0.0,0.1,.000,0.5,0.8,.667,.571,0.0,0.1,.000,0.0,0.5,0.5,0.4,0.0,0.3,0.5,0.5,1.0,
Jaylen Martin,21,BRK,SF,3,0,1.7,0.3,0.7,.500,0.3,0.3,1.000,0.0,0.3,.000,.750,0.0,0.0,,0.0,0.0,0.0,0.0,0.0,0.0,0.0,0.3,1.0,
Karlo Matković,23,NOP,PF,10,0,7.3,0.5,1.2,.417,0.0,0.2,.000,0.5,1.0,.500,.417,0.0,0.0,,0.8,1.2,2.0,0.3,0.5,0.7,0.7,1.2,1.0,
Jared Rhoden,25,CHO,SG,4,0,3.0,0.5,2.0,.250,0.0,0.5,.000,0.5,1.5,.333,.250,0.0,0.0,,0.5,0.5,1.0,0.5,0.3,0.0,0.3,0.3,1.0,
Baylor Scheierman,24,BOS,SG,9,0,6.0,0.3,1.9,.176,0.1,1.3,.083,0.2,0.6,.400,.206,0.2,0.2,1.000,0.2,1.2,1.4,0.4,0.2,0.0,0.0,0.7,1.0,
Xavier Tillman Sr.,26,BOS,C,25,1,7.4,0.4,1.5,.270,0.2,0.8,.200,0.2,0.7,.353,.324,0.0,0.1,.500,0.3,1.1,1.4,0.3,0.3,0.2,0.3,0.5,1.0,
Maxwell Lewis,22,2TM,SF,8,0,3.8,0.4,0.9,.429,0.1,0.1,1.000,0.3,0.8,.333,.500,0.0,0.0,,0.3,0.0,0.3,0.3,0.1,0.0,0.3,0.1,0.9,
Maxwell Lewis,22,LAL,SF,7,0,4.1,0.3,0.9,.333,0.0,0.0,,0.3,0.9,.333,.333,0.0,0.0,,0.3,0.0,0.3,0.3,0.1,0.0,0.3,0.1,0.6,
Maxwell Lewis,22,BRK,SF,1,0,1.0,1.0,1.0,1.000,1.0,1.0,1.000,0.0,0.0,,1.500,0.0,0.0,,0.0,0.0,0.0,0.0,0.0,0.0,0.0,0.0,3.0,
Trey Alexander,21,DEN,SG,14,0,4.4,0.3,1.3,.222,0.1,0.6,.222,0.1,0.6,.222,.278,0.1,0.1,1.000,0.0,0.3,0.3,0.4,0.1,0.1,0.1,0.4,0.9,
Josh Christopher,23,MIA,SG,7,0,3.7,0.3,0.9,.333,0.0,0.1,.000,0.3,0.7,.400,.333,0.3,0.6,.500,0.0,0.4,0.4,0.6,0.0,0.1,0.6,0.1,0.9,
D.J. Carton,24,TOR,SG,4,0,8.3,0.3,1.8,.143,0.0,0.8,.000,0.3,1.0,.250,.143,0.3,0.3,1.000,0.0,1.0,1.0,0.8,0.5,0.0,1.0,0.3,0.8,
Ulrich Chomche,19,TOR,PF,6,0,3.3,0.3,0.5,.667,0.0,0.0,,0.3,0.5,.667,.667,0.2,0.3,.500,0.5,0.5,1.0,0.3,0.0,0.0,0.3,0.7,0.8,
PJ Dozier,28,MIN,SG,9,0,3.9,0.2,0.3,.667,0.2,0.3,.667,0.0,0.0,,1.000,0.1,0.7,.167,0.1,0.4,0.6,0.6,0.1,0.0,0.1,0.3,0.8,
Isaiah Crawford,23,SAC,SF,3,0,3.0,0.3,0.7,.500,0.0,0.0,,0.3,0.7,.500,.500,0.0,0.0,,0.0,1.0,1.0,0.0,0.0,0.0,0.0,0.3,0.7,
Kessler Edwards,24,DAL,SF,16,1,5.4,0.3,0.9,.267,0.1,0.5,.125,0.2,0.4,.429,.300,0.1,0.1,1.000,0.1,0.8,0.8,0.3,0.2,0.1,0.1,0.5,0.7,
Liam Robbins,25,MIL,C,13,0,4.4,0.2,0.6,.250,0.0,0.2,.000,0.2,0.5,.333,.250,0.4,0.8,.500,0.5,0.4,0.9,0.2,0.2,0.2,0.5,0.7,0.7,
Cui Yongxi,21,BRK,SG,5,0,2.0,0.2,1.4,.143,0.0,0.6,.000,0.2,0.8,.250,.143,0.2,0.4,.500,0.0,0.4,0.4,0.0,0.0,0.0,0.0,0.0,0.6,
Garrett Temple,38,TOR,SG,15,0,3.9,0.1,0.7,.182,0.1,0.3,.200,0.1,0.4,.167,.227,0.3,0.3,1.000,0.1,0.5,0.7,0.6,0.3,0.1,0.3,0.5,0.6,
Tristen Newton,23,2TM,SG,6,0,1.5,0.2,1.0,.167,0.0,0.5,.000,0.2,0.5,.333,.167,0.2,0.2,1.000,0.0,0.2,0.2,0.2,0.0,0.0,0.2,0.5,0.5,
Tristen Newton,23,IND,SG,5,0,1.6,0.2,1.2,.167,0.0,0.6,.000,0.2,0.6,.333,.167,0.2,0.2,1.000,0.0,0.0,0.0,0.2,0.0,0.0,0.2,0.4,0.6,
Tristen Newton,23,MIN,SG,1,0,1.0,0.0,0.0,,0.0,0.0,,0.0,0.0,,,0.0,0.0,,0.0,1.0,1.0,0.0,0.0,0.0,0.0,1.0,0.0,
Jaylen Clark,23,MIN,SG,4,0,2.5,0.0,0.8,.000,0.0,0.3,.000,0.0,0.5,.000,.000,0.5,0.5,1.000,0.3,0.0,0.3,0.0,0.0,0.0,0.0,0.3,0.5,
Leonard Miller,21,MIN,SF,4,0,2.5,0.0,1.0,.000,0.0,0.8,.000,0.0,0.3,.000,.000,0.5,0.5,1.000,0.3,1.0,1.3,0.0,0.3,0.0,0.3,0.3,0.5,
Stanley Umude,25,MIL,SG,17,0,3.1,0.2,0.9,.188,0.1,0.5,.250,0.1,0.5,.125,.250,0.0,0.1,.000,0.2,0.6,0.8,0.1,0.1,0.1,0.1,0.4,0.5,
RayJ Dennis,23,IND,PG,5,0,2.0,0.0,0.4,.000,0.0,0.4,.000,0.0,0.0,,.000,0.4,0.4,1.000,0.2,0.4,0.6,0.2,0.4,0.0,0.4,0.2,0.4,
Spencer Jones,23,DEN,SF,5,0,2.6,0.2,0.8,.250,0.0,0.6,.000,0.2,0.2,1.000,.250,0.0,0.0,,0.0,0.6,0.6,0.0,0.4,0.0,0.2,0.2,0.4,
Jacob Toppin,24,NYK,SF,14,0,3.1,0.2,0.6,.333,0.0,0.1,.000,0.2,0.5,.429,.333,0.0,0.0,,0.1,0.5,0.6,0.3,0.1,0.0,0.1,0.1,0.4,
Jalen Bridges,23,PHO,SF,4,0,4.3,0.0,0.8,.000,0.0,0.8,.000,0.0,0.0,,.000,0.3,0.5,.500,0.0,0.8,0.8,0.0,0.0,0.0,0.5,0.0,0.3,
Bronny James,20,LAL,SG,12,0,2.4,0.1,0.9,.091,0.0,0.3,.000,0.1,0.6,.143,.091,0.2,0.2,1.000,0.1,0.1,0.2,0.3,0.2,0.1,0.0,0.2,0.3,
Malevy Leons,25,OKC,SF,6,0,3.5,0.0,0.3,.000,0.0,0.2,.000,0.0,0.2,.000,.000,0.3,0.7,.500,0.2,0.3,0.5,0.2,0.0,0.0,0.2,0.7,0.3,
Chris Livingston,21,MIL,SF,8,0,2.6,0.1,0.3,.500,0.0,0.0,,0.1,0.3,.500,.500,0.0,0.0,,0.3,1.0,1.3,0.1,0.1,0.0,0.4,0.3,0.3,
Daishen Nix,22,MIN,PG,3,0,4.3,0.0,0.3,.000,0.0,0.3,.000,0.0,0.0,,.000,0.3,0.7,.500,0.0,1.3,1.3,1.0,0.0,0.0,1.3,0.3,0.3,
Tristan Vukcevic,21,WAS,C,6,0,2.2,0.2,1.0,.167,0.0,0.7,.000,0.2,0.3,.500,.167,0.0,0.0,,0.2,0.2,0.3,0.0,0.0,0.2,0.0,0.3,0.3,
Emoni Bates,21,CLE,SF,1,0,6.0,0.0,2.0,.000,0.0,2.0,.000,0.0,0.0,,.000,0.0,0.0,,0.0,0.0,0.0,0.0,0.0,0.0,0.0,0.0,0.0,
Joe Ingles,37,MIN,SF,9,0,3.9,0.0,0.3,.000,0.0,0.2,.000,0.0,0.1,.000,.000,0.0,0.0,,0.2,0.0,0.2,1.0,0.0,0.0,0.1,0.7,0.0,
Harrison Ingram,22,SAS,SF,1,0,7.0,0.0,1.0,.000,0.0,0.0,,0.0,1.0,.000,.000,0.0,0.0,,0.0,1.0,1.0,0.0,0.0,0.0,0.0,1.0,0.0,
Daniss Jenkins,23,DET,PG,3,0,2.7,0.0,1.3,.000,0.0,1.3,.000,0.0,0.0,,.000,0.0,0.0,,0.0,0.0,0.0,0.0,0.0,0.0,0.3,0.3,0.0,
Mason Jones,26,SAC,SG,3,0,4.3,0.0,0.7,.000,0.0,0.7,.000,0.0,0.0,,.000,0.0,0.0,,0.3,1.0,1.3,2.3,0.0,0.0,0.0,0.3,0.0,
Bobi Klintman,21,DET,SF,1,0,4.0,0.0,0.0,,0.0,0.0,,0.0,0.0,,,0.0,0.0,,0.0,2.0,2.0,0.0,0.0,0.0,0.0,2.0,0.0,
Mac McClung,26,ORL,SG,1,0,5.0,0.0,0.0,,0.0,0.0,,0.0,0.0,,,0.0,0.0,,0.0,1.0,1.0,2.0,0.0,0.0,0.0,0.0,0.0,
Justin Minaya,25,POR,SF,6,0,3.0,0.0,0.2,.000,0.0,0.0,,0.0,0.2,.000,.000,0.0,0.0,,0.3,0.2,0.5,0.3,0.2,0.0,0.0,0.5,0.0,
Riley Minix,24,SAS,SF,1,0,7.0,0.0,1.0,.000,0.0,1.0,.000,0.0,0.0,,.000,0.0,0.0,,0.0,2.0,2.0,0.0,0.0,0.0,0.0,0.0,0.0,
Cole Swider,25,DET,SF,2,0,6.5,0.0,2.5,.000,0.0,2.5,.000,0.0,0.0,,.000,0.0,0.0,,0.0,1.0,1.0,0.5,0.0,0.0,0.0,0.5,0.0,
League Average,,,,,,,,,.464,,,.360,,,.541,.540,,,.779,,,,,,,,,,
